anilist	anidb	mal
1	23	1
5	219	5
6	53	6
7	96	7
8	2391	8
15	2441	15
16	2835	16
17	612	17
18	1724	18
19	1539	19
20	239	20
21	69	21
22	56	22
23	2579	23
24	2165	24
25	2166	25
26	673	26
27	2810	27
28	2429	28
29	2535	29
30	22	30
31	326	31
32	202	32
33	98	33
43	61	43
44	73	44
45	90	45
46	422	46
47	28	47
48	24	48
49	27	49
50	2533	50
51	29	51
52	170	52
53	74	53
54	1312	54
55	433	55
56	1087	56
57	2320	57
58	416	58
59	12	59
60	1052	60
61	621	61
62	837	62
63	1726	63
64	2386	64
65	3169	65
66	106	66
67	2436	67
68	3321	68
69	2392	69
71	17	71
72	959	72
73	2710	73
74	2435	74
75	1806	75
76	2430	76
77	3440	77
79	2844	79
80	715	80
81	217	81
82	716	82
83	1425	83
84	717	84
85	718	85
86	719	86
87	720	87
88	626	88
89	721	89
90	229	90
91	908	91
92	755	92
93	252	93
94	2186	94
95	916	95
96	915	96
97	581	97
98	1554	98
99	3216	99
100	439	100
101	2002	101
102	1648	102
103	854	103
104	131	104
105	100	105
106	387	106
107	555	107
108	1371	108
109	1536	109
110	434	110
111	3529	111
112	1314	112
113	630	113
114	1099	114
115	207	115
116	556	116
117	208	117
118	305	118
119	2372	119
120	34	120
121	979	121
122	21	122
123	87	123
124	165	124
125	2162	125
126	2984	126
127	91	127
128	248	128
129	488	129
130	1081	130
131	1594	131
132	272	132
133	834	133
134	1002	134
135	84	135
136	132	136
137	173	137
138	545	138
139	1427	139
141	2742	141
142	354	142
143	2142	143
144	15	144
145	199	145
146	1431	146
147	896	147
148	1321	148
149	2815	149
150	3186	150
151	1662	151
152	2858	152
153	26	153
154	92	154
155	429	155
156	30	156
157	2605	157
158	1297	158
159	1551	159
160	114	160
161	1056	161
162	323	162
163	1661	163
164	7	164
165	14	165
166	1542	166
167	640	167
168	47	168
169	1015	169
170	590	170
171	902	171
173	2182	173
174	1540	174
175	20	175
176	958	176
177	2733	177
178	710	178
179	503	179
180	177	180
181	178	181
182	184	182
183	126	183
184	2724	184
185	135	185
186	145	186
187	625	187
189	35	189
190	49	190
191	51	191
192	52	192
193	1057	193
194	427	194
195	16	195
196	751	196
197	19	197
198	2696	198
199	112	199
200	75	200
201	63	201
202	449	202
204	1268	204
205	1543	205
206	137	206
207	169	207
208	105	208
209	894	209
210	4576	
212	281	212
215	566	215
216	856	216
218	180	218
219	369	219
222	998	222
223	231	223
225	233	225
226	1544	226
227	117	227
228	3291	228
229	1769	229
230	634	230
231	124	231
232	102	232
233	351	233
234	1653	234
235	266	235
236	624	236
237	2826	237
238	571	238
239	1868	239
240	1783	240
241	1805	241
242	1330	242
243	94	243
244	2161	244
245	191	245
246	125	246
247	2580	247
248	3067	248
249	144	249
250	638	250
251	1677	251
252	1654	252
253	228	253
254	317	254
255	1282	255
256	104	256
257	618	257
258	784	258
259	598	259
260	33	260
261	835	261
262	2118	262
263	129	263
264	982	264
265	1086	265
266	518	266
267	1003	267
268	355	268
269	2369	269
270	32	270
271	692	271
272	13	272
273	458	273
274	251	274
275	1762	275
276	109	276
277	201	277
278	2611	278
279	1001	279
280	3562	280
281	2425	281
282	2926	282
283	1061	283
284	1306	284
285	50	285
286	945	286
287	453	287
288	595	288
289	116	289
290	1	290
291	2832	291
292	641	292
293	553	293
294	822	294
295	1319	295
296	133	296
297	2326	297
298	447	298
299	222	299
300	2	300
301	781	301
302	330	302
303	186	303
304	206	304
305	1317	305
306	70	306
307	1811	307
308	2837	308
310	2708	310
311	1072	311
312	1389	312
313	1074	313
314	1390	314
315	1424	60451
317	1208	317
318	60	318
319	492	319
321	413	321
322	3145	322
323	1265	323
324	778	324
325	2743	325
326	209	326
327	296	327
328	289	328
329	895	329
330	1327	330
331	311	331
332	1619	332
333	1344	333
334	356	334
335	632	335
336	2599	336
337	157	337
338	181	338
339	99	339
340	1663	340
341	245	341
342	2745	342
343	2478	343
344	1139	344
345	2695	345
346	2188	346
347	809	347
348	1092	348
349	2781	349
350	888	350
351	1763	351
352	1766	352
353	1767	353
354	2602	354
355	3408	355
356	3348	356
357	2820	357
358	2169	358
359	430	359
360	454	360
361	120	361
362	574	362
363	2604	363
364	2822	364
365	490	365
366	280	366
367	869	367
369	179	369
370	493	370
371	513	371
372	514	372
373	167	373
374	610	374
375	526	375
376		376
377	55	377
378	440	378
379	25	379
380	163	380
381	164	381
383	108	383
384	2400	384
385	1085	385
386	352	386
387	271	387
388	3463	388
389	2179	389
390	3203	390
391	1374	391
392	312	392
393	321	393
394	1059	394
395		395
396	4	396
397	5	397
398	2673	398
399	884	399
400	171	400
401	195	401
402	2860	402
403	54	403
404	10	404
405	43	405
406	2808	406
407	642	407
408	3442	408
411	2839	411
412	2621	412
413	3225	413
415	370	415
416	306	416
417	1523	417
418	367	418
419	86	419
420	218	420
421	445	421
422	1858	422
423	2896	423
424	401	424
425	1192	425
426	446	426
427	635	427
428	2418	428
429	4123	429
430	2359	430
431	1218	431
432	197	432
433	469	433
434	844	434
435	127	435
437	154	437
438	1625	438
439	465	439
440	287	440
441	256	441
442	1456	442
443		443
444	2025	444
445	389	445
446	226	446
447	583	447
448	2784	448
449	2321	449
450	903	450
451	1320	451
452	273	452
454	1135	454
455	2387	455
456	2964	456
457	3433	457
458	316	458
459	411	459
460	893	460
461	1253	461
462	1254	462
463	2036	463
464	2644	464
465	4097	465
466	2736	466
467	247	467
468	890	468
469	3214	469
470	3360	470
471	3428	471
472	414	472
473	3340	473
474	67	474
475	2842	475
476	3500	476
477	2659	477
478	2830	478
479	2921	479
481	2061	481
482	2766	482
483	1810	483
484	399	484
485	2824	485
486	575	486
487	2679	487
488	2787	488
489	3195	489
490	3298	490
491	2841	
492	237	492
493	236	493
495	701	495
496	1525	496
497	1093	497
498	919	498
499	1023	499
501	2110	501
502	1141	502
503	2862	503
504	873	504
505	2829	505
506	478	506
507	371	507
508	557	508
509	93	509
510	2167	510
511	3381	511
512	286	512
513	331	513
514	1266	514
515	1478	515
516	1552	516
517	3643	517
518	1635	518
519	2443	519
520	1259	520
521	636	521
522	78	522
523	303	523
524		524
525	1958	525
526	327	526
527	230	527
528	990	528
529	113	529
530	235	530
531	2152	531
532	2538	532
533	1697	533
534	39	534
535	95	535
536	349	536
537	567	537
538	337	538
539	205	539
540	2509	540
541	2510	541
543	66	543
544	620	544
545	639	545
546	2147	546
547	2266	547
548	1022	548
550	593	550
551	880	551
552	234	552
553	750	553
554	88	554
555	89	555
556	38	556
557	1182	557
558	3423	558
559	7969	559
560	3323	560
561	400	561
562	2407	562
563	81	563
564	65	564
565	909	565
566	1945	566
567	904	567
568	345	568
569	18	569
570	83	570
571	693	571
572	275	572
573	344	573
574	3986	574
576	4074	576
577	3985	577
578	332	578
579	1094	579
580	203	580
581	515	581
582	699	582
584	3512	584
585	336	585
586	3654	586
587	3573	587
588	3389	588
589	1243	589
590	4112	590
591	3168	591
592	1324	592
593	192	593
594		594
595	8976	595
596		596
597	679	597
598	980	598
599	828	599
600	2694	600
601	1027	601
602	1224	602
603	1413	603
604	246	604
605	690	605
606	407	606
607	2859	607
608	415	608
609	2700	609
610	836	610
611	294	611
612	3170	612
613	2512	613
614	2650	614
615	258	615
616	1714	616
617	277	617
618	681	618
619	2249	619
620	1100	620
621	737	621
622	1953	622
623	853	623
624	450	624
625	1633	625
626	922	626
627	2168	627
629	141	629
630	140	630
631		631
633	274	633
634	1675	634
635	76	635
636	1332	636
637	36	637
641		641
642		642
644		644
645		645
646	143	646
647	654	647
648	2064	648
649	1555	649
650	45	650
652	259	652
653	260	653
654		654
655	1761	655
656		656
658	3446	658
659	8793	659
660	622	660
661	1167	661
664		664
665	789	665
666	788	666
667	2843	667
668	2831	668
669	2163	669
670	3414	670
671	4023	671
673		673
675	136	675
676	724	676
677	1298	677
678	42	678
679	348	679
681	1277	681
682	175	682
683		683
684	680	684
685	2404	685
686		686
687	161	687
688	2481	688
689		689
690	391	690
691	806	691
693	1251	693
694	3215	694
696	409	696
704		704
705		705
706	3068	706
707		707
708	477	708
709	1122	709
710	3656	710
711	2814	711
712	3070	712
713	1667	713
714	1356	714
715	1064	715
718	142	718
719	793	719
721	516	721
722	2005	722
723	818	723
725	1080	725
727	2088	727
729	3047	729
730	1637	730
731	1153	731
732	204	732
733	794	733
734	3459	734
738	2855	738
740	2539	740
743	335	743
744	868	744
746	3401	746
747	2600	747
748	1206	748
749	1950	749
750	2836	750
751	824	751
752	800	752
754	2828	754
756		756
757	388	757
758	580	758
759	1217	759
760	3121	760
761		761
763	1382	763
764	1774	764
765		765
766	2257	766
767	1735	767
769	456	769
770	4158	770
771	4120	771
773	476	773
776	473	776
777	3296	777
779	304	779
780	2645	780
781	2646	781
782	240	782
783	1733	783
785	130	785
786	1708	786
788	887	788
789	3572	789
790	3302	790
791	398	791
792	368	792
793	2189	793
795	1137	795
796	418	796
797	2046	797
798	4113	798
799	290	799
800	46	800
801	1176	801
807	3317	807
808	939	808
810	911	810
811	3706	811
812	107	812
813	1530	813
814	8344	814
815	2380	815
816	115	816
817	3522	817
818	138	818
819	3318	819
820	584	820
821	11	821
822	631	822
824	783	824
825	3564	825
831	9	831
832	564	832
833	472	833
834		834
835	474	835
836	269	836
837	4241	837
838	782	838
839	960	839
840	586	840
841	221	841
842	1360	842
844	1676	844
845	4264	845
846	4222	846
848		848
849	3651	849
850	4326	850
851	1560	851
852	1387	852
853	4148	853
854	4224	854
855	4223	855
856	3427	856
857	4196	857
858	3465	858
859	4283	859
860	3444	860
861	4032	861
863	4067	863
864	2445	864
865	1112	865
866	123	866
867	373	867
868	437	868
869	350	869
870	149	870
872	1607	872
873	4324	873
874	562	874
875	1834	875
876	772	876
877	4143	877
878	4178	878
879	4239	879
880	4153	880
881	510	881
882	1084	882
883	753	883
884	2190	884
885	318	885
886	4145	886
887	263	887
888	253	888
889	3395	889
890	957	890
891	1954	891
892	1142	892
893	1129	893
894	1043	894
895	1044	895
896	762	896
897	763	897
898	1045	898
899	1046	899
900	548	900
901	905	901
902	1069	902
903	1070	903
904	906	904
905	1071	905
906	397	906
907	4238	907
908		908
909	568	909
910	4176	910
911	2776	911
912	712	912
913	3953	913
914	688	914
915	3449	915
916	3499	916
917	419	917
918	3468	918
919	4049	919
920		920
921	2575	921
924	2069	924
925	2077	925
926	2065	926
927	1342	927
928	2806	928
929	899	929
930	1807	930
932	2177	932
933	4149	933
934	3574	934
935	2511	935
936	3030	936
937	166	937
938	881	938
940	4022	940
941	4144	941
942	4172	942
943	4185	943
944	4088	944
949	185	949
950	3658	950
951	1841	951
952	187	952
953	4226	953
956	1682	956
957	4150	957
958	353	958
959	148	959
960	2907	960
961	1647	961
962	4243	962
963		963
964	1532	964
965	4068	965
966	708	966
967	386	967
968	4406	968
969	4046	969
970	943	970
971	807	971
974	1170	974
975	424	975
976	468	976
978	949	978
979	210	979
980	444	980
981	4141	981
982	278	982
983		983
984	2643	984
985	1474	985
986	2336	986
987		987
988	2881	988
989	1835	989
990	4147	990
991	121	991
992	82	992
993		993
994	4363	994
995	4244	995
996	2542	996
997	2151	997
998	644	998
999	385	999
1000	725	1000
1001		1001
1002	2120	1002
1003		1003
1004	461	1004
1005	85	1005
1006	359	1006
1007	405	1007
1008	2995	1008
1009	1068	1009
1010	2850	1010
1011	2996	1011
1014	7300	1014
1015		1015
1016	147	1016
1017	538	1017
1018	678	1018
1019	787	1019
1020	2172	1020
1021	843	1021
1022	190	1022
1023		1023
1024	582	1024
1025	406	1025
1026	1795	1026
1027	1140	1027
1028	1190	1028
1029	333	1029
1030	334	1030
1031	3974	1031
1032	502	1032
1033	570	1033
1034	196	1034
1035	3176	1035
1036	168	1036
1037	579	1037
1039	752	1039
1040	572	1040
1041	791	1041
1042	792	1042
1043	457	1043
1044	2209	1044
1045	79	1045
1046	80	1046
1047	754	1047
1048	270	1048
1049	1196	1049
1050	1180	1050
1051	361	1051
1052	2854	1052
1053	2788	1053
1055	1050	1055
1056	1255	1056
1057	48	1057
1058	1222	1058
1059	2641	1059
1062	3287	1062
1064	953	1064
1065	241	1065
1066		1066
1067	4021	1067
1068	1814	1068
1069	1734	1069
1070	3960	1070
1071	4139	1071
1072	1054	1072
1074	9685	1074
1075	2771	1075
1076	3133	1076
1078		1078
1079	420	1079
1080	111	1080
1081	533	1081
1082	1322	1082
1083	656	1083
1084	404	1084
1085	1645	1085
1086	1641	1086
1087	153	1087
1088	77	1088
1089	996	1089
1090	729	1090
1091	4166	1091
1092	4167	1092
1093	2000	1093
1094		1094
1095	777	1095
1096	395	1096
1097	448	1097
1098	432	1098
1099	2977	1099
1100	338	1100
1101	375	1101
1102	122	1102
1103	1104	1103
1104	1612	1104
1105	2714	1105
1106	2777	1106
1107	1040	1107
1108	963	1108
1110	1656	1110
1111	463	1111
1112	462	1112
1115	1388	1115
1116	1325	1116
1117	1020	1117
1118	992	1118
1119	991	1119
1120	921	1120
1121	1804	1121
1122	2371	1122
1123	3703	1123
1124	6	1124
1126	225	1126
1127	160	1127
1128	1111	1128
1129		1129
1130	1220	1130
1132	464	1132
1133	358	1133
1135	2181	1135
1136	745	1136
1137	2127	1137
1138	3303	1138
1139	3516	1139
1140	3385	1140
1141	604	1141
1142	4422	1142
1143		1143
1144	376	1144
1145	103	1145
1146	2508	1146
1147		1147
1148	1505	1148
1149	1329	1149
1150	691	1150
1151	786	1151
1152	897	1152
1153	1018	1153
1154	2479	1154
1155	589	1155
1156	374	1156
1157	156	1157
1158	396	1158
1159	706	1159
1160	1304	1160
1161	459	1161
1162	602	1162
1163	224	1163
1164	607	1164
1165	489	1165
1166	1103	1166
1167	2442	1167
1168		1168
1169	322	1169
1170	155	1170
1171	363	1171
1172	364	1172
1174	738	1174
1175	917	1175
1176	1879	1176
1177	58	1177
1178	740	1178
1179	482	1179
1180	417	1180
1181	392	1181
1182	310	1182
1183	913	1183
1184	403	1184
1185	848	1185
1186	504	1186
1187	1611	1187
1188	194	1188
1189	801	1189
1190		1190
1191	62	1191
1192	2178	1192
1193	3301	1193
1194	4327	1194
1195	4146	1195
1196	2827	1196
1198	4420	1198
1199	3626	1199
1200	4459	1200
1202	4156	1202
1203	587	1203
1204	1229	1204
1205	3464	1205
1206	820	1206
1207	3575	1207
1208	2230	1208
1209	1292	1209
1210	4121	1210
1211	3392	1211
1212	1737	1212
1214	4492	1214
1215	4366	1215
1216	3540	1216
1217	2401	1217
1218	3299	1218
1219	4350	1219
1220	4502	1220
1221	3207	1221
1222	4441	1222
1223	2983	1223
1224	8	1224
1225	3	1225
1226	223	1226
1227	1586	1227
1228	213	1228
1230	4489	1230
1231	394	1231
1232	1247	1232
1233	198	1233
1234	565	1234
1235		1235
1236	1593	1236
1237		1237
1238		1238
1239	2540	1239
1240	2153	1240
1241	4170	1241
1243	4472	1243
1244	946	1244
1245	814	1245
1246	1429	1246
1247	4374	1247
1248	408	1248
1249	412	1249
1250	2183	1250
1251	40	1251
1252	603	1252
1253	3705	1253
1254	826	1254
1255	1887	1255
1256	1884	1256
1257	343	1257
1258	1886	1258
1259	1418	1259
1260	1889	1260
1261	2382	1261
1262	501	1262
1264	460	1264
1265	3377	1265
1266	3379	1266
1267	3380	1267
1268	2456	1268
1269	914	1269
1270	578	1270
1271	1335	1271
1276	470	1276
1277	471	1277
1278		1278
1279	1006	1279
1280	611	1280
1281	481	1281
1283	597	1283
1284	527	1284
1285	1487	1285
1286	1488	1286
1287	1414	1287
1288	1518	1288
1289	1195	1289
1290	537	1290
1292	2656	1292
1293	377	1293
1295	7685	1295
1296	7688	1296
1297	7687	1297
1298	7686	1298
1299	4476	1299
1300	971	1300
1301	485	1301
1302	765	1302
1303	517	1303
1312	428	1312
1313	561	1313
1314	3311	1314
1316	3309	1316
1317		1317
1324	1138	1324
1325	775	1325
1327	1840	1327
1328	2900	1328
1329	2794	1329
1333	4208	1333
1335		1335
1336	5060	1336
1337	1685	1337
1338	1221	1338
1340	1223	1340
1341	973	1341
1342		1342
1343	3435	1343
1344	1353	1344
1345	4455	1345
1346	441	1346
1347	68	1347
1348	535	1348
1349	452	1349
1350	779	1350
1351	878	1351
1352	346	1352
1355	1591	1355
1356	984	1356
1357	983	1357
1358	211	1358
1361	3146	1361
1362	313	1362
1363	2647	1363
1364	1065	1364
1365	867	1365
1366	2052	1366
1367	2328	1367
1368	4504	1368
1369	3390	1369
1370	1210	1370
1371	1553	1371
1372	438	1372
1373	2672	1373
1374	3185	1374
1375	1955	1375
1376	1768	1376
1377	2410	1377
1378	1036	1378
1379	2651	1379
1380	771	1380
1381	1623	1381
1382	1717	1382
1384	172	1384
1391	739	1391
1392	2463	1392
1393	2462	1393
1394	2149	1394
1395	2438	1395
1396	2461	1396
1397	442	1397
1398	497	1398
1399	1357	1399
1400	443	1400
1409	7763	1409
1410		1410
1411	547	1411
1412	421	1412
1413	1941	1413
1414	3420	1414
1415	1024	1415
1416	703	1416
1417	815	1417
1418	821	1418
1419	704	1419
1420	987	1420
1421	2014	1421
1422	2136	1422
1423	2137	1423
1424	2138	1424
1425	1484	1425
1426	1485	1426
1427	803	1427
1429	2405	1429
1430	320	1430
1432	977	1432
1433	989	1433
1434	705	1434
1435	823	1435
1436	810	1436
1437	2139	1437
1438	986	1438
1439	976	1439
1440	994	1440
1441	1250	1441
1442	1194	1442
1443	1350	1443
1444	97	1444
1445	1787	1445
1448	3507	1448
1450	830	1450
1451	1262	1451
1452	2124	1452
1453	288	1453
1454	4392	1454
1455	393	1455
1456	467	1456
1457	302	1457
1458	1273	1458
1459	1033	1459
1460	216	1460
1462	262	1462
1465	301	1465
1466	3660	1466
1468	941	1468
1469	2908	1469
1470	942	1470
1471	1563	1471
1472	1564	1472
1473	1565	1473
1474	1566	1474
1475	1567	1475
1476	1568	1476
1477	1569	1477
1478	1570	1478
1479	1571	1479
1480	4383	1480
1481		1481
1482	4549	1482
1483	1439	1483
1484	347	1484
1485	1419	1485
1486	285	1486
1487		1487
1488	569	1488
1489		1489
1490	1000	1490
1491	484	1491
1492	550	1492
1493	2576	1493
1494	961	1494
1495	1534	1495
1496	451	1496
1497	3469	1497
1498	4416	1498
1500	2159	1500
1501	3120	1501
1502	741	1502
1503		1503
1504	2324	1504
1505	2763	1505
1506	4187	1506
1508	1349	1508
1509	4474	1509
1514	2775	1514
1515	2857	1515
1516	4237	1516
1517	455	1517
1519	4597	1519
1520	2544	1520
1521	686	1521
1524	1759	1524
1525	7117	1525
1526	2848	1526
1527		1527
1528	554	1528
1529	1531	1529
1530	4404	1530
1531		1531
1532	2536	1532
1533	891	1533
1534	4117	1534
1535	4563	1535
1536	4516	1536
1537	1686	1537
1538	4473	1538
1539	3061	1539
1540	3059	1540
1541	4750	1541
1542	372	1542
1543	4531	1543
1544	3394	1544
1546	4565	1546
1547	2584	1547
1548	366	1548
1549	764	1549
1550	757	1550
1552	3645	1552
1553	683	1553
1554	4339	1554
1555	4384	1555
1556	4411	1556
1557	4214	1557
1559	4596	1559
1560	276	1560
1561	4584	1561
1562	4734	1562
1563		1563
1564	1041	1564
1565	4728	1565
1566	4414	1566
1567	852	1567
1568	4528	1568
1569	4003	1569
1570	4594	1570
1571	4564	1571
1572	1496	1572
1573	558	1573
1574	1699	1574
1575	4521	1575
1576	4570	1576
1577	2690	1577
1578	4197	1578
1579	4509	1579
1580	1415	1580
1581	4585	1581
1582	1079	1582
1583	4637	1583
1584	4419	1584
1585	3975	1585
1586	1664	1586
1587	4571	1587
1588	4529	1588
1589	4681	1589
1590	1750	1590
1591	4513	1591
1592	4555	1592
1593	8792	1593
1594	4638	1594
1596	128	1596
1597	645	1597
1598	1445	1598
1599	72	1599
1600	4335	1600
1601	4522	1601
1602	4556	1602
1603	4761	1603
1604	4747	1604
1606	4574	1606
1607	4783	1607
1608	850	1608
1609	4567	1609
1611	2618	1611
1613	723	1613
1614	508	1614
1617	1029	1617
1618	340	1618
1619	4510	1619
1620	2056	1620
1621	4536	1621
1622	500	1622
1623	480	1623
1626	1472	1626
1627	1503	1627
1628	731	1628
1629	749	1629
1630	151	1630
1637	798	1637
1638	2294	1638
1641	1828	1641
1642	3320	1642
1643	1242	1643
1644	1519	1644
1645	661	1645
1647	928	1647
1648	4375	1648
1650	648	1650
1651	2662	1651
1652	2661	1652
1654		1654
1655	4085	1655
1656	2143	1656
1657	2330	1657
1658	1871	1658
1659		1659
1660	410	1660
1661	1579	1661
1662	3139	1662
1663	1383	1663
1664	655	1664
1665	1461	1665
1666	1460	1666
1667	2759	1667
1668	594	1668
1669	1964	1669
1670	4016	1670
1671	339	1671
1672	3585	1672
1673	3586	1673
1674	507	1674
1675	525	1675
1676	816	1676
1677		1677
1678	1214	1678
1679		1679
1681	2879	1681
1682	3445	1682
1683	930	1683
1684	4680	1684
1685	2910	1685
1686	4515	1686
1688	4884	1688
1689	4568	1689
1690	4861	1690
1691	4891	1691
1692	4598	1692
1693	4808	1693
1694	4773	1694
1695	4781	1695
1696	4860	1696
1698	4691	1698
1699	4832	1699
1701	1489	1701
1703	4308	1703
1704	1773	1704
1705	1473	1705
1706	1209	1706
1707	2130	1707
1708	709	1708
1709	7109	1709
1710	146	1710
1711	2263	1711
1712	4539	1712
1713	732	1713
1718	4797	1718
1719	4772	1719
1720	4806	1720
1721	4853	1721
1722	4835	1722
1723	4402	1723
1724	4385	1724
1725	4778	1725
1726	4776	1726
1727	4792	1727
1728	475	1728
1729	4138	1729
1731	4548	1731
1732	4812	1732
1733	694	1733
1734	118	1734
1735	4880	1735
1736	2624	1736
1737	3123	1737
1738	4381	1738
1739	4296	1739
1740	4073	1740
1741		1741
1742	1533	1742
1743	543	1743
1744	1063	1744
1745	4100	1745
1746	1775	1746
1747	4708	1747
1748	3991	1748
1749		1749
1750		1750
1751	633	1751
1752	769	1752
1753		1753
1754	10860	1754
1755		1755
1756		1756
1757		1757
1758		1758
1759	2613	1759
1760	1076	1760
1761	1077	1761
1762	519	1762
1764	695	1764
1765	1263	1765
1766	2402	1766
1767	1146	1767
1768	981	1768
1769	544	1769
1771	4415	1771
1772	279	1772
1773	3038	1773
1774		1774
1775	101	1775
1776	1264	1776
1777	1234	1777
1778	4231	1778
1789		1789
1790		1790
1792	609	1792
1793	200	1793
1794	1381	1794
1795	1174	1795
1796	1032	1796
1797	773	1797
1798	1803	1798
1799	220	1799
1800	2121	1800
1802		1802
1803	2498	1803
1804	1055	1804
1805	1295	1805
1806	684	1806
1807	5068	1807
1808	4893	1808
1810	4583	1810
1811	1179	1811
1812	4601	1812
1813	4782	1813
1815	4388	1815
1816	662	1816
1817		1817
1818	4892	1818
1819	1715	1819
1820	1237	1820
1822	362	1822
1823	1258	1823
1824	627	1824
1825	2011	1825
1826	4595	1826
1827	4403	1827
1828	4926	1828
1829	4193	1829
1830		1830
1831	1246	1831
1832	1005	1832
1833	2457	1833
1835	4791	1835
1836	4759	1836
1837	889	1837
1838	4367	1838
1839	1746	1839
1840	4915	1840
1841		1841
1842	4557	1842
1843		1843
1844	841	1844
1845	3704	1845
1846	227	1846
1847		1847
1848	542	1848
1849	616	1849
1850	1235	1850
1851	2687	1851
1852	4743	1852
1853	1238	1853
1854	1144	1854
1855	1233	1855
1856	4785	1856
1857	4397	1857
1858	4125	1858
1859	1512	1859
1860	4799	1860
1861	696	1861
1862	4530	1862
1863	4560	1863
1864	4753	1864
1865	4177	1865
1866	2792	1866
1867	2447	1867
1868	4731	1868
1872	4338	1872
1873	3324	1873
1874		1874
1878	4895	1878
1879	1507	1879
1880	1545	1880
1881	4116	1881
1882	4619	1882
1883	2340	1883
1884	4240	1884
1885	4336	1885
1886	4278	1886
1887	4777	1887
1888	4559	1888
1889	4894	1889
1890	2893	1890
1891	1299	1891
1892	4218	1892
1893	3078	1893
1894	2761	1894
1897	4486	1897
1898		1898
1899	2725	1899
1900	1156	1900
1901	1869	1901
1902	11795	1902
1903		1903
1904	2581	1904
1905		1905
1906	4058	1906
1907		1907
1908	799	1908
1909	2375	1909
1910		1910
1911	4527	1911
1912	4621	1912
1913	4841	1913
1914	5024	1914
1915	4688	1915
1916	4195	1916
1917	2144	1917
1918	1075	1918
1919	384	1919
1920	378	1920
1921	379	1921
1922	380	1922
1923	381	1923
1924	382	1924
1925	383	1925
1926	3648	1926
1927	2924	1927
1928	689	1928
1929	2765	1929
1930	2764	1930
1931	3566	1931
1932	4901	1932
1933	3345	1933
1935	1729	1935
1936	2022	1936
1937	110	1937
1938	1189	1938
1939	3343	1939
1940	748	1940
1941	4900	1941
1942	4802	1942
1943	4191	1943
1944	139	1944
1946	520	1946
1947	360	1947
1949	600	1949
1951	713	1951
1952	59	1952
1953		1953
1954	423	1954
1955	2663	1955
1956	4870	1956
1957	892	1957
1958	2534	1958
1959	4098	1959
1960	5548	1960
1961	3436	1961
1962	615	1962
1964	628	1964
1965	5019	1965
1966	2920	1966
1967	2187	1967
1968	3969	1968
1969	4095	1969
1972	617	1972
1973	2797	1973
1974	2994	1974
1975	761	1975
1977	3355	1977
1978	1165	1978
1979	4136	1979
1980	1942	1980
1981	2798	1981
1982	3474	1982
1983	3506	1983
1984	3475	1984
1985	962	1985
1986	1917	1986
1988	4572	1988
1989	3476	1989
1990	3373	1990
1991	4829	1991
1992	1632	1992
1994		1994
1996	13478	1996
1998		1998
1999	1028	1999
2000	812	2000
2001	4575	2001
2002	5025	2002
2003	2795	2003
2004	291	2004
2006	1608	2006
2008	2768	2008
2009	4267	2009
2010	536	2010
2011	931	2011
2012	2100	2012
2013	993	2013
2014	675	2014
2015	1038	2015
2016	817	2016
2017	1300	2017
2018	1406	2018
2019	3286	2019
2020		2020
2022	2419	2022
2023	1690	2023
2024	4349	2024
2025	4906	2025
2026	4917	2026
2027		2027
2028	4487	2028
2029	4989	2029
2030	4966	2030
2031	5084	2031
2032	4833	2032
2033	1634	2033
2034	5053	2034
2035	4729	2035
2036	539	2036
2037	842	2037
2038	1444	2038
2039	499	2039
2040	2332	2040
2041	1392	2041
2042	730	2042
2043	1025	2043
2044	521	2044
2045	1863	2045
2046	4602	2046
2047	3473	2047
2048	1161	2048
2049	2008	2049
2050	2980	2050
2051	2887	2051
2052	2704	2052
2053	1588	2053
2054	4001	2054
2055	2801	2055
2056	4027	2056
2057	1592	2057
2058	2718	2058
2059	936	2059
2060	760	2060
2061	1639	2061
2062	2113	2062
2063	2114	2063
2064	2115	2064
2065	2116	2065
2066	2117	2066
2067	666	2067
2068	2889	2068
2069	2790	2069
2071	1249	2071
2072	1154	2072
2073	4320	2073
2074	808	2074
2075	4652	2075
2076	1240	2076
2077	1585	2077
2078	1732	2078
2079	1948	2079
2080	3634	2080
2081	2719	2081
2082	2689	2082
2083	3352	2083
2084	1364	2084
2085	1365	2085
2086	1366	2086
2087	1367	2087
2088	3988	2088
2089	1039	2089
2090	1326	2090
2091	2793	2091
2092	7223	2092
2093	4859	2093
2094	5013	2094
2095	4134	2095
2096	5015	2096
2097	250	2097
2098	284	2098
2099	2334	2099
2100	2638	2100
2101	4858	2101
2102	2164	2102
2103	2922	2103
2104	4821	2104
2105	4971	2105
2106	4931	2106
2107	4851	2107
2108	1143	2108
2109	2664	2109
2110	3621	2110
2111	2912	2111
2112	5072	2112
2113	1777	2113
2114	3600	2114
2116	505	2116
2117	506	2117
2118	2337	2118
2119	3560	2119
2120	3399	2120
2121	3561	2121
2122	3972	2122
2123	2390	2123
2125		2125
2126		2126
2127	1820	2127
2128	1819	2128
2129	4325	2129
2130	4940	2130
2131	5089	2131
2132	4938	2132
2133	1187	2133
2141	1053	2141
2142	5044	2142
2143	4871	2143
2144	4421	2144
2146	744	2146
2147	3383	2147
2150	1009	2150
2151	2654	2151
2152	5042	2152
2153	4902	2153
2154	4054	2154
2155	5069	2155
2156	5098	2156
2157	5022	2157
2158	5039	2158
2159	4923	2159
2161	4925	2161
2162	4968	2162
2163	4852	2163
2164	4345	2164
2165	5049	2165
2166	5071	2166
2167	5101	2167
2168	4976	2168
2169	4974	2169
2170	4600	2170
2171	4937	2171
2172	4910	2172
2173	4998	2173
2174	5104	2174
2175	4939	2175
2176	5085	2176
2178	3412	2178
2179	292	2179
2180	2909	2180
2181	3112	2181
2182	1163	2182
2183	997	2183
2196	3339	2196
2198		2198
2199	3551	2199
2200	1812	2200
2201	4199	2201
2202	728	2202
2203	726	2203
2204	293	2204
2205	3386	2205
2206		2206
2207	805	2207
2210	2864	2210
2211	3472	2211
2212		2212
2213	2389	2213
2214	4377	2214
2215	4909	2215
2216	5108	2216
2217		2217
2218	1269	2218
2219	1270	2219
2220	2649	2220
2221	1836	2221
2222	1925	2222
2223	2078	2223
2224	1864	2224
2225	426	2225
2226	3165	2226
2227	2068	2227
2228	2786	2228
2229	1105	2229
2230	1919	2230
2231	925	2231
2232	4069	2232
2233	1106	2233
2234	1727	2234
2235	4346	2235
2236	4151	2236
2237		2237
2238	4828	2238
2243	2635	2243
2244	3684	2244
2245	1294	2245
2246	5113	2246
2248		2248
2249	1658	2249
2250	3363	2250
2251	4897	2251
2252	1236	2252
2253	950	2253
2254	2357	2254
2255	1692	2255
2256	1742	2256
2257	2352	2257
2258	2356	2258
2259	541	2259
2260	2969	2260
2261	4101	2261
2262	365	2262
2263	1744	2263
2264	1490	2264
2267	5209	2267
2269		2269
2272	4012	2272
2273	496	2273
2274	1550	2274
2277	1393	2277
2278	1391	2278
2279	2210	2279
2280	2989	2280
2281	3396	2281
2282	3184	2282
2283	1818	2283
2284	3393	2284
2285	2433	2285
2286	2530	2286
2287	4696	2287
2288	509	2288
2289	2731	2289
2290	5057	2290
2291	436	2291
2292	1275	2292
2293	1412	2293
2294		2294
2298		2298
2299		2299
2300		2300
2301		2301
2302	596	2302
2303	1037	2303
2304	1101	2304
2305	3060	2305
2306		2306
2307	2119	2307
2308	2807	2308
2309	1760	2309
2310	2577	2310
2311	2279	2311
2312	1856	2312
2313	3570	2313
2314	2999	2314
2316	1850	2316
2317	885	2317
2318	1526	2318
2319		2319
2321	964	2321
2322	3541	2322
2330	2993	2330
2331	1016	2331
2332	254	2332
2333	1962	2333
2334	3639	2334
2335	329	2335
2337	1674	2337
2346	431	2346
2354	1657	2354
2355	1659	2355
2356	44	2356
2361	162	2361
2362	183	2362
2363	3419	2363
2364	588	2364
2365	1004	2365
2366	2554	2366
2367	5185	2367
2369	5189	2369
2382	637	2382
2383	1524	2383
2384	1504	2384
2385		2385
2386		2386
2387	3354	2387
2388	4289	2388
2389	3513	2389
2390	2448	2390
2391	1703	2391
2392	4757	2392
2393	2717	2393
2397	1149	2397
2398	1151	2398
2399	1649	2399
2400	2096	2400
2402	1457	2402
2403	5029	2403
2404	5116	2404
2405	2067	2405
2406	1830	2406
2407	3569	2407
2408	4818	2408
2409	466	2409
2414	1158	2414
2415	2233	2415
2416	2232	2416
2417	5135	2417
2418	2185	2418
2419	1952	2419
2420	1957	2420
2421	780	2421
2422	2686	2422
2423	1515	2423
2424		2424
2427	1267	2427
2428	1379	2428
2429	1361	2429
2448	4290	2448
2449	3431	2449
2450	4622	2450
2451	1091	2451
2452	1384	2452
2454	576	2454
2455	3331	2455
2456	2899	2456
2457	2583	2457
2458		2458
2459	601	2459
2460	491	2460
2461	1516	2461
2462	1293	2462
2463	2060	2463
2464		2464
2465	840	2465
2466	2891	2466
2467	4678	
2468	3607	2468
2470	727	2470
2471	1078	2471
2472	5178	2472
2473	486	2473
2474	487	2474
2475	2773	2475
2476	5117	2476
2482	3350	2482
2483	871	2483
2484	606	2484
2485		2485
2486	847	2486
2487	2728	2487
2488	3365	2488
2489	2966	2489
2490		2490
2491	2556	2491
2492	2557	2492
2493	923	2493
2494	5188	2494
2495	563	2495
2497	215	2497
2498	697	2498
2499	698	2499
2500	813	2500
2501	1832	2501
2503	1126	2503
2508	5210	2508
2510	1481	2510
2511	944	2511
2512	3591	2512
2513	3596	2513
2514	3597	2514
2515	3598	2515
2516	1535	2516
2518	4558	2518
2520		2520
2521	479	2521
2522	918	2522
2523	2833	2523
2524	599	2524
2525	1867	2525
2526	4004	2526
2527	2325	2527
2528	1476	2528
2529	2998	2529
2534	3173	2534
2535	3174	2535
2536	2711	2536
2537	3175	2537
2538	605	2538
2542	3652	2542
2543	1060	2543
2544	2302	2544
2545	3388	2545
2546	2300	2546
2547	2298	2547
2548	2290	2548
2549	2304	2549
2550	3478	2550
2552	5197	2552
2553	1650	2553
2554	2297	2554
2555	2296	2555
2556	1499	2556
2557	2293	2557
2558	2291	2558
2559	2023	2559
2560	1416	2560
2561	524	2561
2562	5223	2562
2563	5115	2563
2564	5023	2564
2565	1498	2565
2566	4623	2566
2567	2709	2567
2568	3664	2568
2569	1428	2569
2570	1839	2570
2571	1351	2571
2572	2744	2572
2573	2301	2573
2574	3605	2574
2575	3369	2575
2576	2306	2576
2577	2303	2577
2578	3601	2578
2579	2706	2579
2580		2580
2581	5252	2581
2582	1698	2582
2583	5125	2583
2584	5126	2584
2585	4842	2585
2586	3998	2586
2589		2589
2591	932	2591
2592	1479	2592
2593		2593
2594	4935	2594
2595	5419	2595
2596	5127	2596
2597	5444	2597
2598	522	2598
2599	523	2599
2600	2488	2600
2601	2489	2601
2602	5147	2602
2603	5212	2603
2604	5269	2604
2605	5083	2605
2606	4771	2606
2607	2640	2607
2608	5088	2608
2609	1090	2609
2611	530	2611
2612	2738	2612
2613	4675	2613
2614	4676	2614
2615		2615
2616	2674	2616
2617	845	2617
2618	2038	2618
2619	4242	2619
2620	5146	2620
2621	1837	2621
2622	1464	2622
2623	1646	2623
2624	1651	2624
2625	7767	2625
2626	7766	2626
2628	7764	2628
2629		2629
2630		2630
2631	7049	2631
2633	7765	2633
2634		2634
2636	4983	2636
2639	7011	2639
2642	7771	2642
2645	7769	2645
2646	7768	2646
2647	7116	2647
2648	2691	2648
2649	3314	2649
2650	3113	2650
2651	2692	2651
2652	7014	2652
2653		2653
2654	4967	2654
2655	6582	2655
2656	1951	2656
2657	6593	2657
2658	6592	2658
2659	6587	2659
2660	4765	2660
2661	6588	2661
2662	6590	2662
2664	3315	2664
2665	4674	2665
2666	6591	2666
2667	6596	2667
2668	6599	2668
2669	6594	2669
2670	5047	2670
2671	6597	2671
2672	6595	2672
2673	5432	2673
2674	6585	2674
2675	5046	2675
2676	6586	2676
2677	4673	2677
2678	6584	2678
2679	2150	2679
2682	2097	2682
2683	5246	2683
2684	5224	2684
2685	5301	2685
2686	1670	2686
2687	1517	2687
2688	1385	2688
2689	1386	2689
2690	4026	2690
2692	2968	2692
2693	2642	2693
2694	1508	2694
2695	2009	2695
2696	2057	2696
2697	4031	2697
2698	3439	2698
2699	1469	2699
2700	1470	2700
2701	4672	2701
2702	4702	2702
2703	2108	2703
2704	1644	2704
2705	1171	2705
2706	1172	2706
2707	3584	2707
2708	3543	2708
2709	1173	2709
2710	3640	2710
2712	3997	2712
2713	4458	2713
2714	1241	2714
2715	2895	2715
2716	1411	2716
2717	4692	2717
2718	2630	2718
2719	5402	2719
2722	2058	2722
2723	672	2723
2725	759	2725
2726	2333	2726
2727	2339	2727
2728	3949	2728
2729	2894	2729
2730	3978	2730
2731	831	2731
2732	3635	2732
2733	770	2733
2734	954	2734
2735	643	2735
2736	4662	2736
2737	3535	2737
2738	733	2738
2739	3980	2739
2740	1274	2740
2741	2432	2741
2742	1191	2742
2743		2743
2744	4919	2744
2745	4017	2745
2746	5106	2746
2747	1440	2747
2748	1822	2748
2749	3976	2749
2750	4089	2750
2751	5297	2751
2752	5134	2752
2753	3630	2753
2754	1465	2754
2756	5303	2756
2757	3398	2757
2758	4037	2758
2759	4847	2759
2760	1808	2760
2761	1809	2761
2762	2007	2762
2765	4055	2765
2766	1743	2766
2767	4378	2767
2768	4514	2768
2769	483	2769
2770	2531	2770
2771	2140	2771
2772	5314	2772
2775	560	2775
2776	2122	2776
2777	1960	2777
2778	1109	2778
2779	1362	2779
2780	1107	2780
2781	134	2781
2782	1471	2782
2783	3672	2783
2784		2784
2785	4225	2785
2786	4362	2786
2787	5145	2787
2789	1372	2789
2790	2685	2790
2791	1736	2791
2792	1482	2792
2793	1315	2793
2795	5112	2795
2796	4941	2796
2797	1870	2797
2799	1924	2799
2800	1913	2800
2801	2193	2801
2802	1915	2802
2803	1710	2803
2804	540	2804
2805	4409	2805
2806	3337	2806
2808	5973	2808
2809	5518	2809
2810	3671	2810
2811	1859	2811
2813	2871	2813
2814	1949	2814
2815	2737	2815
2816	1815	2816
2817	3677	2817
2818	531	2818
2819	2091	2819
2820	265	2820
2822	7073	2822
2823	4043	2823
2824	4044	2824
2825	785	2825
2826	3669	2826
2827	1907	2827
2828	1829	2828
2829	1827	2829
2830	2212	2830
2831	7075	2831
2832	5211	2832
2833	2203	2833
2834	1213	2834
2835	2990	2835
2836	1825	2836
2837	4203	2837
2839	2368	2839
2840	7271	2840
2842		2842
2847	5048	2847
2848	5056	2848
2851	1730	2851
2876	5343	2876
2881	1185	2881
2882	3081	2882
2884	4904	2884
2885	2423	2885
2889	5352	2889
2890	5107	2890
2891	5099	2891
2892	2740	2892
2895	3190	2895
2897	2675	2897
2899		2899
2901	1823	2901
2903	2070	2903
2904	5373	2904
2905		2905
2906	1784	2906
2907	1341	2907
2910		2910
2911		2911
2912	2923	2912
2913	2292	2913
2915	2532	2915
2916	5816	2916
2920	1631	2920
2921	1458	2921
2922	4862	2922
2923	5280	2923
2924	5274	2924
2926	5435	2926
2927	5276	2927
2928	5391	2928
2929	5020	2929
2930	7449	2930
2931	5052	2931
2933	591	2933
2934	1947	2934
2937		2937
2938	2558	2938
2941	1340	2941
2942	5186	2942
2947	1764	2947
2948	1791	2948
2950	4590	2950
2951		2951
2952		2952
2953	1193	2953
2954		2954
2961	1148	2961
2962	1150	2962
2963	4309	2963
2964	5383	2964
2965	5414	2965
2966	5406	2966
2967	4442	2967
2969	5080	2969
2970	5357	2970
2971	5457	2971
2972	1467	2972
2973	1511	2973
2974	4233	2974
2978	1838	2978
2980	2099	2980
2983	3103	2983
2985	5416	2985
2986	5356	2986
2987	2361	2987
2993	5273	2993
2994		2994
2997	2629	2997
2998	2878	2998
2999	3200	2999
3000	5234	3000
3001	5305	3001
3002	5427	3002
3003	4838	3003
3004	4444	3004
3005	2543	3005
3006	325	3006
3007	2633	3007
3008	2504	3008
3009	864	3009
3010	2863	3010
3011	5275	3011
3012	2322	3012
3014	1307	3014
3015	1309	3015
3016	1308	3016
3019	5367	3019
3020	1935	3020
3021	1578	3021
3022	1936	3022
3023	2684	3023
3024	2482	3024
3025	1826	3025
3026	1589	3026
3027	3040	3027
3028		3028
3031	2528	3031
3032	1227	3032
3033	1475	3033
3035	3219	3035
3036	2762	3036
3037	1506	3037
3043	2220	3043
3044	1446	3044
3051	5572	3051
3053	1848	3053
3054	2342	3054
3057		3057
3059	1959	3059
3060	1468	3060
3061	1655	3061
3064	4470	3064
3065	2713	3065
3067	2229	3067
3069	2239	3069
3070	3973	3070
3071	2811	3071
3072	1956	3072
3073	5157	3073
3075	3498	3075
3076		3076
3077	2106	3077
3079	2154	3079
3080	5315	3080
3081	2852	3081
3085	5278	3085
3086	4072	3086
3087	4982	3087
3088	5429	3088
3089	5310	3089
3090	5426	3090
3091	5570	3091
3092	5532	3092
3095	2059	3095
3098	629	3098
3099	3456	3099
3100	3951	3100
3101	1058	3101
3104	2125	3104
3110	3072	3110
3111	5110	3111
3112	3996	3112
3113	4379	3113
3114	3948	3114
3115	1860	3115
3116	5793	3116
3120	3546	3120
3121	7926	3121
3125	2729	3125
3127	4434	3127
3129	5164	3129
3130	5906	3130
3131	3075	3131
3132	1617	3132
3135	2622	3135
3136	3424	3136
3137	3425	3137
3138		3138
3146	4916	3146
3147	1572	3147
3151	1219	3151
3152	4394	3152
3153	5434	3153
3154	858	3154
3155	3326	3155
3157	3069	3157
3159	1928	3159
3162	2299	3162
3164	5464	3164
3165		3165
3166	5446	3166
3167	5132	3167
3174		3174
3175	756	3175
3176	3602	3176
3178	4316	3178
3180	2277	3180
3182	2327	3182
3183	2081	3183
3185	743	3185
3186	2245	3186
3190	2494	3190
3192	2251	3192
3193	1521	3193
3194	3497	3194
3196	3486	3196
3199	2288	3199
3201	4200	3201
3202	5874	3202
3203	1323	3203
3205	4210	3205
3213	1923	3213
3214	5474	3214
3215	3191	3215
3218	2446	3218
3219		3219
3221		3221
3222	5086	3222
3223	5087	3223
3225	5510	3225
3226	5316	3226
3227	5454	3227
3228	5576	3228
3229	5235	3229
3230	5503	3230
3231	5418	3231
3232		3232
3234		3234
3235	1463	3235
3243	9463	3243
3245	5555	3245
3248		3248
3251	6173	3251
3252	5945	3252
3256	5131	3256
3258	1132	3258
3259	4211	3259
3264	4212	3264
3266		3266
3267	1252	3267
3268	5431	3268
3269	5459	3269
3270	3450	3270
3271	920	3271
3272	1930	3272
3273	2133	3273
3274	2283	3274
3275	2285	3275
3276	2287	3276
3277	2305	3277
3278	2308	3278
3279	2313	3279
3280	6714	3280
3281	2090	3281
3285	1893	3285
3287	2698	3287
3288	1125	3288
3290	2013	3290
3292		3292
3294	4927	3294
3295	5522	3295
3297	5424	3297
3298	5533	3298
3299	5508	3299
3305	1813	3305
3306	4314	3306
3312	532	3312
3313	3555	3313
3315	3049	3315
3317	1833	3317
3318	5470	3318
3320	3530	3320
3322	5557	3322
3323	5182	3323
3325	1707	3325
3326	5001	3326
3327	2469	3327
3328	5536	3328
3332	1931	3332
3335	2019	3335
3336	4322	3336
3342	5530	3342
3345	4599	3345
3349	4999	3349
3354		3354
3355	4577	3355
3356	1890	3356
3358	5535	3358
3359	5534	3359
3361	2703	3361
3362	4997	3362
3363	5538	3363
3366	5544	3366
3367	4588	3367
3369	238	3369
3371	1310	3371
3372	4820	3372
3375	5676	3375
3381		3381
3388	1906	3388
3389	5547	3389
3390	5458	3390
3391	4056	3391
3392		3392
3394	7589	3394
3398	857	3398
3399	967	3399
3401		3401
3406		3406
3407	5531	3407
3410		3410
3414	4323	3414
3417	5351	3417
3418	4040	3418
3419		3419
3420	5549	3420
3421	2905	3421
3424	5552	3424
3425	2289	3425
3429		3429
3430	5447	3430
3432	1083	3432
3433	2082	3433
3434	2705	3434
3435	2578	3435
3436	2884	3436
3437	264	3437
3438	4261	3438
3444	2347	3444
3446	6108	3446
3447		3447
3448	1477	3448
3449		3449
3451	3631	3451
3455	5625	3455
3456		3456
3457	5586	3457
3458	2128	3458
3460	2107	3460
3461	2331	3461
3462	4013	3462
3463	1719	3463
3464	5578	3464
3465	3620	3465
3466		3466
3467	5581	3467
3468		3468
3469		3469
3470	5584	3470
3472	3470	3472
3473	3477	3473
3474	3202	3474
3475	3479	3475
3480	4356	3480
3481	1652	3481
3482	3199	3482
3484		3484
3485		3485
3486	1548	3486
3488	2426	3488
3490	4713	3490
3493	5524	3493
3496	4277	3496
3497	1872	3497
3498	4748	3498
3499	13051	
3500	8077	3500
3501	5559	3501
3503	5575	3503
3505	2459	3505
3506	2757	3506
3507	2756	3507
3508	2972	3508
3509	3994	3509
3511	3995	3511
3512	4086	3512
3513	1155	3513
3514	5624	3514
3515	5670	3515
3516	5067	3516
3517	5313	3517
3518	3333	3518
3519	5119	3519
3522	1753	3522
3525	2754	3525
3533	4092	3533
3535	5843	3535
3545	1824	3545
3546	3460	3546
3547	3461	3547
3549	5569	3549
3550	3156	3550
3561	4285	3561
3568	4372	3568
3570	4103	3570
3571	1788	3571
3572	5415	3572
3573	5595	3573
3574	6044	3574
3575		3575
3576	4763	3576
3577	5580	3577
3579	955	3579
3588	5610	3588
3593	6285	3593
3594	5596	3594
3595	1802	3595
3596	2796	3596
3597	912	3597
3599	975	3599
3600	3164	3600
3602	2033	3602
3603	4918	3603
3604	5571	3604
3605	1031	3605
3609	2041	3609
3613	5558	3613
3614	5631	3614
3615	5623	3615
3616	5277	3616
3618		3618
3619	4845	3619
3620		3620
3624	5222	3624
3625	1462	3625
3626	2853	3626
3627	5652	3627
3630	1905	3630
3631	2559	3631
3637	585	3637
3638	1334	3638
3640	4448	3640
3641	5375	3641
3642	5579	3642
3646	2849	3646
3652	5634	3652
3653	5629	3653
3654	5656	3654
3655	5630	3655
3656	5585	3656
3659	4319	3659
3660	2555	3660
3661	4206	3661
3665	1311	3665
3667	5970	3667
3668	5655	3668
3669	2911	3669
3670	1370	3670
3671		3671
3672	3977	3672
3673	5671	3673
3674		3674
3675	5250	3675
3676	965	3676
3683	3609	3683
3684		3684
3685	2758	3685
3686		3686
3689	4667	3689
3690	4666	3690
3691	3325	3691
3692	5593	3692
3695	4093	3695
3701	5673	3701
3702	5587	3702
3704	5913	3704
3710	5614	3710
3712	5635	3712
3713	5850	3713
3720	4293	3720
3723	5747	3723
3724	2838	3724
3726	2636	3726
3727	3114	3727
3731	5678	3731
3734	2735	3734
3735	1491	3735
3736	1430	3736
3737	5917	3737
3738		3738
3743	4393	3743
3744	3316	3744
3745	4625	3745
3750	5694	3750
3751	2234	3751
3752	2225	3752
3754	1933	3754
3755	2227	3755
3757	2270	3757
3758	2218	3758
3759	5685	3759
3760	2316	3760
3761	2707	3761
3762	3508	3762
3764	3220	3764
3765	3481	3765
3768	3293	3768
3769	4271	3769
3772	4247	3772
3776	3159	3776
3778	4034	3778
3782		3782
3783		3783
3784	6171	3784
3785	7565	3785
3786	8895	3786
3787	1035	3787
3791		3791
3799	4480	3799
3800	1681	3800
3801	5677	3801
3805	5583	3805
3806	3466	3806
3807	3667	3807
3808	3489	3808
3809	3674	3809
3810	2739	3810
3811	3647	3811
3812	2329	3812
3813	4005	3813
3816	2865	3816
3817	1705	3817
3818	3966	3818
3819	3155	3819
3820	3965	3820
3821	3958	3821
3822	3644	3822
3823	5516	3823
3825	3482	3825
3827	3485	3827
3828	4259	3828
3829	2652	3829
3832	4076	3832
3834	5238	3834
3835	3057	3835
3836	3305	3836
3837	3636	3837
3838	1894	3838
3839	1895	3839
3840	5723	3840
3841	5801	3841
3842	2214	3842
3843	2215	3843
3844	1902	3844
3845	1903	3845
3846	1904	3846
3847	2226	3847
3848	5691	3848
3849		3849
3854	5050	3854
3858	3366	3858
3859	5658	3859
3861		3861
3863		3863
3864		3864
3866	4133	3866
3868	3542	3868
3869	4090	3869
3870	1899	3870
3873	2048	3873
3874	3077	3874
3875	1891	3875
3876	2560	3876
3877	2823	3877
3878	1921	3878
3879	3627	3879
3880	3052	3880
3881	3053	3881
3882	1615	3882
3884		3884
3885	6202	3885
3886	4391	3886
3887		3887
3889	2135	3889
3898	951	3898
3900	1581	3900
3901		3901
3905	2201	3905
3906	6312	3906
3907	1305	3907
3909	2074	3909
3913	3494	3913
3914	5499	3914
3915	2546	3915
3923	12527	3923
3927	5903	3927
3929	4992	3929
3930	6701	3930
3931	5298	3931
3932	1683	3932
3935	1801	3935
3936	3082	3936
3937	3578	3937
3946	2971	3946
3947	2974	3947
3948		3948
3952	3127	3952
3954		3954
3956		3956
3958	5720	3958
3960	4690	
3962	5986	3962
3963	2813	3963
3964	2812	3964
3965		3965
3968	614	3968
3969	1257	3969
3972	5739	3972
3973	7313	3973
3974	5722	3974
3975	5803	3975
3977		3977
3989	2979	3989
3990	4993	3990
3991	3308	3991
4003		4003
4012		4012
4013	4787	4013
4014	1754	4014
4015	5745	4015
4021	5971	4021
4023		4023
4025	2246	4025
4026	5772	4026
4028	5818	4028
4031	2071	4031
4033	5751	4033
4037		4037
4038	5674	4038
4039	5746	4039
4044	1447	4044
4049	2734	4049
4050	2816	4050
4051	5773	4051
4052	4694	4052
4053	5750	4053
4054	2770	4054
4056	5774	4056
4058	1713	4058
4059		4059
4060	947	4060
4061	1751	4061
4062	5546	4062
4063	5786	4063
4066	6005	4066
4067	1967	4067
4068	1968	4068
4069	2596	4069
4070		4070
4071		4071
4073	3087	4073
4074	3158	4074
4075		4075
4078		4078
4080	5815	4080
4081	5787	4081
4082		4082
4083	2875	4083
4085	8747	4085
4086	3686	4086
4087	5779	4087
4088	2876	4088
4091	4310	4091
4094	5611	4094
4095	4060	4095
4096	4485	4096
4097	4399	4097
4098	3666	4098
4099	8044	4099
4101	4124	4101
4103	3044	4103
4104	4065	4104
4106	7208	4106
4107	5783	4107
4113	1900	4113
4114	4333	4114
4119	4157	4119
4121	3048	4121
4124	4844	4124
4126	5109	4126
4129	5114	4129
4130	6184	4130
4131	2492	4131
4132	2868	4132
4134		4134
4136	5800	4136
4138	4189	4138
4147	1613	4147
4150	3967	4150
4151	5679	4151
4154	1781	4154
4155	6537	4155
4156		4156
4158	4174	4158
4162		4162
4163	6126	4163
4166	5592	4166
4173		4173
4176	3384	4176
4177	5842	4177
4181	5841	4181
4182		4182
4183	3124	4183
4186	5911	4186
4187	5845	4187
4188	5868	4188
4189	5855	4189
4190		4190
4191	651	4191
4192	6413	4192
4195	6091	4195
4196	5749	4196
4197	5869	4197
4198	1911	4198
4199	1920	4199
4200	882	4200
4201	4002	4201
4202		4202
4205		4205
4208	1672	4208
4209	5870	4209
4210	2406	4210
4211	966	4211
4213		4213
4214	5873	4214
4218	11091	4218
4220	11092	4220
4224	5909	4224
4232	5949	4232
4240	3117	4240
4242	3116	4242
4244	3115	4244
4246	5880	4246
4250	2222	4250
4252	2901	4252
4262	5922	4262
4264	5921	4264
4266	711	4266
4280		4280
4282		4282
4286	3548	4286
4298	4512	4298
4306	4105	4306
4312	3041	4312
4314	3319	4314
4316	4837	4316
4318	886	4318
4320	5698	4320
4331	5901	4331
4332	1576	4332
4334	7412	4334
4339	3076	4339
4353		4353
4361		4361
4362	5904	4362
4371	4033	4371
4375	4654	4375
4382	6367	4382
4383	5754	4383
4385	2221	4385
4386	2223	4386
4387	2047	4387
4389	5551	4389
4390	5935	4390
4391	6706	4391
4392	6692	4392
4393	6707	4393
4394	5925	4394
4395	5927	4395
4396	6736	4396
4397	6577	4397
4398	5924	4398
4406	952	4406
4411	2250	4411
4415	5920	4415
4416	3152	4416
4417	8446	4417
4418	6790	4418
4419	6789	4419
4420		4420
4421		4421
4427	1817	4427
4437	5914	4437
4439	766	4439
4440	3140	4440
4443	4798	4443
4444	5537	4444
4447	5934	4447
4450		4450
4451	3417	4451
4452	5849	4452
4454		4454
4458	5150	4458
4459	4649	4459
4460	4452	4460
4461	8282	4461
4462	6700	4462
4467	6508	4467
4468	2211	4468
4469		4469
4470	4671	4470
4471	5174	4471
4472	5932	4472
4475	3045	4475
4476	4973	4476
4477	5941	4477
4481	2199	4481
4483	5830	4483
4484	4730	4484
4485	2606	4485
4486	1271	4486
4503	1177	4503
4504	4417	4504
4508		4508
4509	1849	4509
4511	3304	4511
4513	1861	4513
4514	3484	4514
4515	2383	4515
4521	5553	4521
4522	1501	4522
4524	1597	4524
4531	2789	4531
4532	1709	4532
4533	3556	4533
4534	1755	4534
4535	5574	4535
4536	2349	4536
4537	4163	4537
4540	4741	4540
4547	5963	4547
4548	5976	4548
4549	5802	4549
4550	5910	4550
4551	5954	4551
4553		4553
4554	4655	4554
4563	4127	4563
4565	6325	4565
4566		4566
4567	2592	4567
4574	2350	4574
4578	3580	4578
4581	6036	4581
4584	5054	4584
4586	3171	4586
4591	3954	4591
4597	5133	4597
4598	3349	4598
4599	4698	4599
4614	1922	4614
4615	2309	4615
4616	5055	4616
4617	5612	4617
4618	6235	4618
4621		4621
4639	1865	4639
4640	1866	4640
4646	5894	4646
4650		4650
4651	2104	4651
4654	5975	4654
4657	6226	4657
4660	7473	4660
4662	5988	4662
4663	3563	4663
4664		4664
4667	2825	4667
4672	6122	4672
4680	3141	4680
4681	8191	4681
4682	8192	4682
4684	6023	4684
4685	5582	4685
4688	3357	4688
4689	4886	4689
4690	2346	4690
4703	6453	4703
4705	6082	4705
4709	4668	4709
4712		4712
4713	8337	4713
4715		4715
4718		4718
4719	6080	4719
4720	6026	4720
4722	6103	4722
4723	2427	4723
4725	6113	4725
4726	6018	4726
4733	2627	4733
4737	4408	4737
4742	3056	4742
4744	6025	4744
4752	6017	4752
4756	4351	4756
4760		4760
4761	8744	4761
4765	6128	4765
4772		4772
4773	2311	4773
4782	4661	4782
4789	6014	4789
4790	4752	4790
4792	6797	4792
4793	6798	4793
4794	6799	4794
4795	6800	4795
4798		4798
4800	3675	4800
4801	5511	4801
4804	6286	4804
4807	3637	4807
4808	1562	4808
4810	1561	4810
4811	6212	4811
4814	6073	4814
4823	4334	4823
4827		4827
4835	6041	4835
4851	4634	4851
4853	3182	4853
4854	3097	4854
4855	3099	4855
4856	3096	4856
4872	6031	4872
4874	3491	4874
4876	2384	4876
4879	6047	4879
4884	6040	4884
4886	7323	4886
4890	4604	4890
4896	6051	4896
4898	6048	4898
4901	6645	4901
4903	6054	4903
4905	6072	4905
4907	3606	4907
4908	6172	4908
4910	6802	4910
4917	5742	4917
4918	6192	4918
4921	5693	4921
4923	1939	4923
4926	552	4926
4927	6808	4927
4928	3058	4928
4929	2615	4929
4933	3659	4933
4934	2010	4934
4935	1678	4935
4936	2607	4936
4938	6191	4938
4939		4939
4940	4071	4940
4941	8488	4941
4943	5479	4943
4948	2198	4948
4961	5876	4961
4962	3511	4962
4966	7260	4966
4967	1756	4967
4970	6063	4970
4975	6088	4975
4981	6032	4981
4983	6109	4983
4985	6075	4985
4991	2869	4991
4999	6110	4999
5002	4779	5002
5005	6049	5005
5006	2216	5006
5013	2367	5013
5014	4746	5014
5016	6064	5016
5017	4390	5017
5018	3288	5018
5019	6065	5019
5020	6045	5020
5022	1816	5022
5023	2866	5023
5025	1422	5025
5027	6055	5027
5028	6013	5028
5029	5839	5029
5030	6087	5030
5031	6392	5031
5032	6494	5032
5034	6227	5034
5036		5036
5037		5037
5039	6098	5039
5040	6139	5040
5041	6331	5041
5042	6083	5042
5043		5043
5045		5045
5051	8539	5051
5052	1352	5052
5053	2902	5053
5056		5056
5060	6234	5060
5065		5065
5070	4201	5070
5071	1373	5071
5072		5072
5074	6120	5074
5075	2634	5075
5079	6211	5079
5080	6071	5080
5081	6327	5081
5082	6069	5082
5084	6589	5084
5085	5728	5085
5088	4686	5088
5089	6084	5089
5090	1862	5090
5091	3091	5091
5096	6382	5096
5098	2208	5098
5104	3085	5104
5112	6182	5112
5114	6107	5114
5116		5116
5118	5335	5118
5129	1799	5129
5131	2237	5131
5133	2991	5133
5136	6664	5136
5140	4651	5140
5141	6315	5141
5143	4359	5143
5147	1225	5147
5150	6323	5150
5151	5265	5151
5152	6127	5152
5153	1459	5153
5155	6130	5155
5157	7528	5157
5158	4453	5158
5162	6219	5162
5163		5163
5164		5164
5165		5165
5167	4198	5167
5168	7888	5168
5177	6322	5177
5178	4401	5178
5184	6151	5184
5189	6333	5189
5193	6352	5193
5196		5196
5197	1529	5197
5199		5199
5200	2416	5200
5201	7204	5201
5202	3520	9119
5203	2079	5203
5204		5204
5205		5205
5207	5239	5207
5216	6313	5216
5217	3668	5217
5220	6267	5220
5223	5560	5223
5225	3181	5225
5226	6408	5226
5228	6129	5228
5231	6143	5231
5232		5232
5233	6179	5233
5234	6272	5234
5235	6157	5235
5237	1590	5237
5238	11387	5238
5240	7087	5240
5241	8450	5241
5244		5244
5246	3633	5246
5249	3193	5249
5250	970	5250
5251	3611	5251
5252	6199	5252
5256		5256
5258	6153	5258
5260	8129	5260
5262	6144	5262
5263	3963	5263
5266	1741	5266
5267	5411	5267
5270	7454	5270
5272	2020	5272
5273	1537	5273
5274	2084	5274
5276	5279	5276
5277	6793	5277
5278	3989	5278
5279		5279
5287	3094	5287
5289	2978	5289
5290	5956	5290
5291	6105	5291
5292	1910	5292
5293	5382	5293
5296	4019	5296
5299	11306	5299
5300	6185	5300
5303	2358	5303
5304	6111	5304
5305		5305
5306	6814	5306
5307	6176	5307
5308		5308
5310	6655	5310
5311	3079	5311
5314	5523	5314
5322	10758	5322
5330	2175	5330
5332		5332
5333		5333
5337	7401	5337
5341	6169	5341
5342	6374	5342
5343	1793	5343
5344	2550	5344
5348	7252	5348
5351		5351
5353	2779	5353
5355	6284	5355
5356	6275	5356
5365	6395	5365
5369	6283	5369
5372	2468	5372
5374	4380	5374
5375	4697	5375
5386	6289	5386
5395	3961	5395
5396	3153	5396
5397		5397
5415	13615	5415
5419		5419
5420	6187	5420
5421		5421
5440	3154	5440
5447	5137	5447
5449	7420	5449
5454	6332	5454
5458		5458
5460	6245	5460
5462		5462
5466	14563	5466
5468	5497	5468
5469	6755	5469
5472		5472
5473	1880	5473
5474	2861	5474
5475	2551	5475
5476	3050	5476
5477	1577	5477
5478	4685	5478
5484		5484
5485	6397	5485
5492		5492
5493	6141	5493
5494	6046	5494
5496	6278	5496
5501		5501
5503	4607	5503
5504	6224	5504
5505	6236	5505
5507	6244	5507
5515	2228	5515
5520	5158	5520
5521	6389	5521
5525	6239	5525
5526	6796	5526
5529	6801	5529
5530	6288	5530
5534	5960	5534
5535	5436	5535
5538	6156	5538
5539		5539
5549	5214	5549
5554	3138	5554
5578	4636	5578
5581	6663	5581
5583	6394	5583
5584		5584
5585		5585
5593	6436	5593
5594	6310	5594
5597	6340	5597
5600	3665	5600
5602	3695	5602
5618	4953	5618
5620	2224	5620
5622	5008	5622
5624	6293	5624
5628	4922	5628
5629	1740	5629
5630	6238	5630
5631	6704	5631
5632	6699	5632
5636	2589	5636
5640	7817	5640
5647	1969	5647
5656		5656
5658	956	5658
5661	6612	5661
5662	6888	5662
5667	6463	5667
5670	6574	5670
5671	6246	5671
5673	3416	5673
5675	6255	5675
5678	6258	5678
5680	6257	5680
5681	6249	5681
5682	6256	5682
5684	6280	5684
5688	1451	5688
5689	5943	5689
5690	7019	5690
5691	9426	5691
5693	6277	5693
5702	6263	5702
5710	6095	5710
5712	1010	5712
5713	6654	5713
5715		5715
5717	6311	5717
5719	6295	5719
5723		5723
5725	5709	5725
5734	6296	5734
5751	6442	5751
5753	6433	5753
5755	2155	5755
5760	1119	5760
5763	2467	5763
5764		5764
5772		5772
5774	7015	5774
5781	6304	5781
5783		5783
5784	6303	5784
5785	4736	5785
5799	6305	5799
5802	4606	5802
5809	6746	5809
5810	8451	5810
5811	6690	5811
5812		5812
5813	6710	5813
5814	6711	5814
5819	4855	5819
5821	5817	5821
5826	6715	5826
5828	5194	5828
5829	2021	5829
5830	6521	5830
5832	863	5832
5833	5172	5833
5834	3413	5834
5835	6329	5835
5838	6718	5838
5841	6543	5841
5842		5842
5844	4553	5844
5845	3510	5845
5848	5097	5848
5854	6376	5854
5859		5859
5862	4456	5862
5865		5865
5868	6743	5868
5869	6688	5869
5870	6712	5870
5871	5926	5871
5872	6691	5872
5873	6703	5873
5874	6693	5874
5875	6702	5875
5876	7462	5876
5877	6287	5877
5878	3622	5878
5880	6350	5880
5883	6324	5883
5886	3650	5886
5889	1528	5889
5891	1929	5891
5895	5229	5895
5900	5775	5900
5904	3515	5904
5907	4445	5907
5908	5227	5908
5909	6556	5909
5914	6531	5914
5916	4986	5916
5917	3694	5917
5918	3496	5918
5920	4050	5920
5921	5813	5921
5922	5938	5922
5923	2799	5923
5925	6282	5925
5926	2648	5926
5927	3603	5927
5928	4711	5928
5929	3406	5929
5930	4181	5930
5931	4006	5931
5933	2360	5933
5934	2493	5934
5935	3090	5935
5936	3189	5936
5938	5852	5938
5940	6546	5940
5941	6424	5941
5943	3681	5943
5945	6335	5945
5947		5947
5953	4011	5953
5955		5955
5956	7475	5956
5957	6377	5957
5958	6658	5958
5962	6426	5962
5967	2134	5967
5968	4057	5968
5973	6481	5973
5978		5978
5983	6479	5983
5984	6384	5984
5986	4413	5986
5987	8452	5987
5990	4328	5990
5992	5251	5992
5994	7464	5994
5996		5996
5997	5293	5997
5998	6299	5998
6000	8858	6000
6007	6465	6007
6008	6444	6008
6012	3653	6012
6016	619	6016
6018	6696	6018
6023	6721	6023
6024	6452	6024
6028	2282	6028
6030	6467	6030
6031	5388	6031
6032	5390	6032
6033	6399	6033
6038	2103	6038
6045	6466	6045
6046	6496	6046
6050	6489	6050
6055	3208	6055
6056	5165	6056
6060	2769	6060
6061	2925	6061
6062	7167	6062
6063	7092	6063
6064		6064
6065	5307	6065
6067	4009	6067
6068		6068
6069	2235	6069
6071	4944	6071
6072	4945	6072
6073	5323	6073
6074	4943	6074
6075	3065	6075
6076	4317	6076
6077	4407	6077
6078	4207	6078
6087	1916	6087
6091	4482	6091
6093	3086	6093
6094	5588	6094
6095	5495	6095
6096	5295	6096
6098	6398	6098
6107		6107
6112	6400	6112
6114	7389	6114
6115	6432	6115
6116	6391	6116
6117	6411	6117
6119	6474	6119
6124	7471	6124
6127		6127
6129	6402	6129
6130	6434	6130
6131	6401	6131
6137	3964	6137
6148	6355	6148
6149	1842	6149
6150	5683	6150
6151		6151
6152		6152
6156	8430	6156
6162	6766	6162
6164	6443	6164
6165	6970	6165
6166	7400	6166
6169	6427	6169
6171	6470	6171
6172	6431	6172
6178	6316	6178
6181	4609	6181
6182	4603	6182
6183	4610	6183
6184	4000	6184
6187	6779	6187
6189	6651	6189
6195	7958	6195
6198	6240	6198
6201	6438	6201
6202	2018	6202
6203	6462	6203
6205	6685	6205
6206		6206
6209		6209
6211	6441	6211
6213	6460	6213
6215	8424	6215
6217	4626	6217
6219	8928	6219
6227		6227
6229	4286	6229
6230	4287	6230
6231	7232	6231
6234		6234
6245		6245
6246	7387	6246
6261	4260	6261
6262	3593	6262
6266	4605	6266
6267	4854	6267
6268	6276	6268
6270	4608	6270
6271	4611	6271
6272		6272
6273		6273
6275		6275
6276	5258	6276
6277	3588	6277
6280	6473	6280
6281	6493	6281
6287	7132	6287
6288	7408	6288
6291		6291
6293	9345	6293
6297	12530	6297
6299		6299
6303	3205	6303
6305	5563	6305
6310	2131	6310
6311	1901	6311
6312		6312
6318	6492	6318
6324	6571	6324
6325	6503	6325
6327		6327
6330		6330
6331	2888	6331
6336	6517	6336
6344		6344
6346	6670	6346
6347	6747	6347
6351		6351
6355		6355
6361		6361
6366	4435	6366
6368		6368
6372	6636	6372
6374	1449	6374
6375	1450	6375
6377	6509	6377
6379	7120	6379
6380	7013	6380
6381	7542	6381
6383	3111	6383
6384	7463	6384
6385		6385
6390	7521	6390
6392	6504	6392
6397	5285	6397
6399		6399
6401		6401
6408	6959	6408
6412	4629	6412
6413	6093	6413
6418		6418
6419	6514	6419
6421		6421
6425	6552	6425
6428	4532	6428
6431	5379	6431
6437		6437
6438	6650	6438
6443	6526	6443
6444	6772	6444
6447	6405	6447
6448	4282	6448
6452	1480	6452
6460	4704	6460
6462	3614	6462
6463	4104	6463
6467	7250	6467
6468	5485	6468
6472	5456	6472
6479		6479
6481	6502	6481
6482	6206	6482
6484	9497	6484
6489		6489
6491	11777	6491
6492	4014	6492
6496	1580	6496
6500	6816	6500
6505	8043	6505
6509	2723	6509
6511	4202	6511
6512	6428	6512
6513	7876	6513
6517	7017	6517
6518	7018	6518
6519	6566	6519
6520	3083	6520
6522		6522
6523	6020	6523
6524	13929	6524
6525	7302	6525
6527	6720	6527
6528	6539	6528
6533	11417	6533
6535	2870	6535
6547	6564	6547
6548	6609	6548
6554	6580	6554
6555	6804	6555
6557	742	6557
6560	8471	6560
6566	12984	6566
6567	7322	6567
6568	6544	6568
6571	3064	6571
6572	6757	6572
6573	6644	6573
6574	6646	6574
6577	4110	6577
6579		6579
6581		6581
6582	6777	6582
6583	2076	6583
6585	7209	
6586	6966	6586
6591		6591
6593	4272	6593
6594	6613	6594
6604	6619	6604
6607	7429	6607
6609	5257	6609
6610	7031	6610
6616	9140	
6624		6624
6625	2129	6625
6628		6628
6629	1926	6629
6630		6630
6633	6653	6633
6634	7490	6634
6636	4928	6636
6637	6637	6637
6641	6635	6641
6645	7124	6645
6653	2231	6653
6654	5862	6654
6657		6657
6658	7451	6658
6667	5296	6667
6670	6621	6670
6671	5321	6671
6672	1934	6672
6674	4744	6674
6675	6529	6675
6676	6769	6676
6680	6999	6680
6682	6751	6682
6684		6684
6687	6640	6687
6688	6021	6688
6693	6536	6693
6695	3411	6695
6701	6030	6701
6702	6662	6702
6704		6704
6705		6705
6707	7369	6707
6709		6709
6712	6672	6712
6713	6393	6713
6714	6540	6714
6718	2919	6718
6721	7594	6721
6727	4274	6727
6728	3623	6728
6730	4960	6730
6731	3161	6731
6733	4230	6733
6734	4315	6734
6735	4122	6735
6736		6736
6741		6741
6743		6743
6746	6671	6746
6747	6773	6747
6748		6748
6758	6679	6758
6759		6759
6760		6760
6761		6761
6762		6762
6769	6705	6769
6771	5059	6771
6772		6772
6773	8483	6773
6774	6677	6774
6777	8400	6777
6779	4693	6779
6783		6783
6787	7311	6787
6791	6787	6791
6792	3341	6792
6793		6793
6794		6794
6795	6037	6795
6796	5215	6796
6797	5155	6797
6798	6321	6798
6800	6669	6800
6802	6783	6802
6809	6268	6809
6811	6716	6811
6822	7035	6822
6823	5957	6823
6827	6733	6827
6828	6735	6828
6829	6737	6829
6830	7198	6830
6831	7197	6831
6832	6738	6832
6833	6739	6833
6834	6740	6834
6835	6568	6835
6836	6569	6836
6837	6741	6837
6838	6570	6838
6839	6723	6839
6840	6724	6840
6841	6725	6841
6842	6728	6842
6843	6729	6843
6844	6730	6844
6846	6731	6846
6847	6732	6847
6848	6727	6848
6849	7196	6849
6850	7195	6850
6851	7193	6851
6852	7194	
6855	4087	6855
6856	8455	6856
6857	6895	6857
6861		6861
6862		6862
6864	7178	6864
6867	6748	6867
6868	2880	6868
6872	2204	6872
6875	7723	6875
6877	3983	6877
6878		6878
6880	7902	6880
6882		6882
6883		6883
6884		6884
6885		6885
6889	2547	6889
6890	6717	6890
6895	7405	6895
6896		6896
6899	7079	6899
6900	7078	6900
6901	6978	6901
6902	7434	6902
6907		6907
6909	6652	6909
6917	5568	6917
6918	7384	6918
6919	8058	6919
6920	8162	6920
6922	6784	6922
6927	6763	6927
6930	6383	6930
6932	6762	6932
6935	5152	6935
6937	4275	6937
6939	4631	6939
6941	7227	6941
6942	5037	6942
6945		6945
6946	7261	6946
6947	6771	6947
6950	7938	6950
6951	7036	6951
6953	4479	6953
6954		6954
6956	6780	6956
6958	7113	6958
6959		6959
6964		6964
6965	5997	6965
6970	2045	6970
6971	1452	6971
6973	7278	6973
6974	7435	6974
6975	3364	6975
6978	5681	6978
6979	7280	6979
6980	6785	6980
6981	3547	6981
6984		6984
6985	6786	6985
6988	6719	6988
6989	3101	6989
6992	6791	6992
6993	6768	6993
6994	5731	6994
6999		6999
7004	1908	7004
7014		7014
7016		7016
7017		7017
7020	9009	7020
7021	9008	7021
7022	8574	7022
7024	7937	7024
7025	8614	7025
7026	9006	7026
7027	8579	7027
7028	8596	7028
7029	8582	7029
7030	8578	7030
7031	9007	7031
7032	8572	7032
7041		7041
7044	7214	7044
7045	6583	7045
7048	714	7048
7052	6542	7052
7054	7008	7054
7058	6818	7058
7059	6820	7059
7060	9038	7060
7062	7128	7062
7066	6819	7066
7071	6744	7071
7079	7134	7079
7081	8226	7081
7082	6947	7082
7083		7083
7088	6968	7088
7090	2353	7090
7092	7108	7092
7103	6794	7103
7106	1782	7106
7108		7108
7109	2238	7109
7113	9723	7113
7117	6039	7117
7122	1771	7122
7124	2354	7124
7135	8274	7135
7139	5014	7139
7144	6680	7144
7148	7009	7148
7152	6788	7152
7156	2414	7156
7157	6624	7157
7158	6627	7158
7160	3051	7160
7164		7164
7169	6998	7169
7170	6987	7170
7171	4398	7171
7174	7001	7174
7175	7010	7175
7176	6969	7176
7177	7016	7177
7189	7028	7189
7192	4099	7192
7193	7056	7193
7211	7040	7211
7216	4190	7216
7222	7959	7222
7229	7544	7229
7230		7230
7243	5154	7243
7244	5156	7244
7245	3676	7245
7247	9740	7247
7248		7248
7252	6634	7252
7254	7086	7254
7255	6988	7255
7257	4400	7257
7258	6990	7258
7259	6989	7259
7270		7270
7273	8301	7273
7279	7185	7279
7285	7039	7285
7290	2205	7290
7294	6348	7294
7295	8456	7295
7296	8457	7296
7305		7305
7307	1453	7307
7308	5714	7308
7311	7221	7311
7314	6795	7314
7322		7322
7329	2395	7329
7330	2396	7330
7333		7333
7334	7535	7334
7336	2242	7336
7337	7461	7337
7338		7338
7354	6598	7354
7363	9159	7363
7364	2094	7364
7366		7366
7367	7228	7367
7374	5308	7374
7375		7375
7376	6983	7376
7395	10246	7395
7396		7396
7398	7051	7398
7405	6520	7405
7415	9325	7415
7416		7416
7419	6029	7419
7420	6767	7420
7423		7423
7427		7427
7430		7430
7435	2092	7435
7436	2093	7436
7445		7445
7448	9338	7448
7449		7449
7450	8283	7450
7451	5153	7451
7452	4066	7452
7453		7453
7459	13204	7459
7461	7305	7461
7463	7207	7463
7465	7249	7465
7466		7466
7468		7468
7472	7177	7472
7473	7043	7473
7474		7474
7475	5996	7475
7477	7000	7477
7479	5492	7479
7482	5010	7482
7485	5863	7485
7491	2095	7491
7494	6844	7494
7495	6630	7495
7496	6846	7496
7497	6929	7497
7498	6841	7498
7500	6856	7500
7501	6863	7501
7504	11559	7504
7505		7505
7510	6193	7510
7511		7511
7512	12924	7512
7518	11015	7518
7522	9320	7522
7524	6893	7524
7525	4653	7525
7526	6880	7526
7527	6875	7527
7528	6874	7528
7529	6873	7529
7530	6871	7530
7531	6868	7531
7532	3599	7532
7536	6722	7536
7540		7540
7547	7306	7547
7549	7255	7549
7550	6792	7550
7551	4534	7551
7561	7187	7561
7568		7568
7569	7210	7569
7571		7571
7575	5198	7575
7578	1790	7578
7579		7579
7580	7219	7580
7588	7248	7588
7590	7229	7590
7591	7230	7591
7592	7404	7592
7593	7215	7593
7596	7316	7596
7597	7318	7597
7598	7093	7598
7601	5755	7601
7605	2247	7605
7610	2200	7610
7616	10499	7616
7617		7617
7619	1455	7619
7621	7022	7621
7625	3628	7625
7626	2631	7626
7627	7224	7627
7629		7629
7633		7633
7639	4053	7639
7643		7643
7645	7285	7645
7646	7241	7646
7647	7238	7647
7651	7189	7651
7654		7654
7655	7236	7655
7659	8422	7659
7661	7234	7661
7662	7233	7662
7664	7428	7664
7666	2269	7666
7667	2275	7667
7668	7376	7668
7669	7294	7669
7674	7251	7674
7681	4665	7681
7683	10501	7683
7691	7411	7691
7695	7257	7695
7696	5407	7696
7697	1232	7697
7698	5408	7698
7705	7240	7705
7709	10500	7709
7711	7258	7711
7713	11508	7713
7715		7715
7718	8525	7718
7720	7291	7720
7721	7616	7721
7723	7247	7723
7724	7268	7724
7729	6229	7729
7739		7739
7740		7740
7744		7744
7745	7664	7745
7750	1873	7750
7751	1789	7751
7752	2753	7752
7759		7759
7761	7242	7761
7762	7275	7762
7768	7627	7768
7769	7381	7769
7770	7276	7770
7771	6981	7771
7774		7774
7775	5361	7775
7779	2314	7779
7781	8618	7781
7782		7782
7785	7243	7785
7786	1779	7786
7791	7307	7791
7793	7274	7793
7803		7803
7805		7805
7807	2042	7807
7808	3661	7808
7809	7047	7809
7810		7810
7811	6993	7811
7816	6623	7816
7817	7286	7817
7818	5162	7818
7836	5389	7836
7843	6996	7843
7844		7844
7845	3670	7845
7856		7856
7857		7857
7858	7950	7858
7862	7924	7862
7867	8997	7867
7870		7870
7875		7875
7876	7084	7876
7877	838	7877
7882		7882
7897	7295	7897
7900	2760	7900
7902		7902
7915	3533	7915
7939		7939
7953	8423	7953
7955	1666	7955
7956	1796	7956
7960	4684	7960
7967	5396	7967
7972	8946	7972
7980	2585	7980
7981	2586	7981
7982	4188	7982
7985	4276	7985
8011	2549	8011
8017	7279	8017
8022		8022
8023		8023
8025	7446	8025
8026	7321	8026
8038		8038
8041	3519	8041
8042		8042
8057	7277	8057
8062		8062
8063	7921	8063
8064	7398	8064
8065	3577	8065
8068		8068
8074	7382	8074
8078	7373	8078
8079	5480	8079
8081	12265	8081
8086	7315	8086
8092	7377	8092
8097	7288	8097
8098	7304	8098
8100		8100
8101	7431	8101
8108	2397	8108
8109	2398	8109
8115	7231	8115
8123	3453	8123
8129	7531	8129
8130	5195	8130
8132	7245	8132
8133	7290	8133
8134	7246	8134
8139	3367	8139
8140	3368	8140
8141	7287	8141
8142	7409	8142
8143	8394	8143
8145	7163	8145
8146	7356	8146
8149	7472	
8150	7474	8150
8152	2307	8152
8153	2284	8153
8154	2310	8154
8155	2315	8155
8156	7357	8156
8157	7358	8157
8158	1454	8158
8162	5173	8162
8176		8176
8178		8178
8179	7338	8179
8180		8180
8181	3617	8181
8182	3604	8182
8183	4824	8183
8184	5091	8184
8187	7190	8187
8189	7216	8189
8190		8190
8191		8191
8192		8192
8194	1854	8194
8195	4669	8195
8196		8196
8197		8197
8205	5027	8205
8206	7413	8206
8208	2101	8208
8213	4035	8213
8214	3624	8214
8215	3559	8215
8216	3055	8216
8217	7414	8217
8218	5151	8218
8220	7082	8220
8226	2050	8226
8227	2051	8227
8228	4018	8228
8229	999	8229
8230		8230
8231		8231
8233	3372	8233
8234	1007	8234
8235	1008	8235
8239	3662	8239
8240	2343	8240
8241	7931	8241
8243		8243
8244	10689	8244
8245	7520	8245
8246	7483	8246
8247	7666	8247
8248	7918	8248
8249	7919	8249
8250	7920	8250
8258		8258
8277	7440	8277
8278	8750	8278
8285	4990	8285
8287	7399	8287
8297	7244	8297
8302		8302
8304		8304
8310	7469	8310
8311	7458	8311
8312	7253	8312
8314		8314
8316		8316
8317		8317
8324	5077	8324
8331	7537	8331
8332	7419	8332
8333	8056	8333
8336	7415	8336
8337	7370	8337
8339	7406	8339
8345	7027	8345
8346	7957	8346
8348	7485	8348
8353	7452	8353
8355	6555	8355
8356	6638	8356
8357	6958	8357
8358	4624	8358
8359	4703	8359
8360	4705	8360
8361	4706	8361
8362	4707	8362
8363	872	8363
8364	3106	8364
8365	3107	8365
8366	4627	8366
8367	5858	8367
8368	6550	8368
8369	7254	8369
8372	7361	8372
8373	3663	8373
8375	3483	8375
8394	1527	8394
8403	9018	8403
8407	7628	8407
8408		8408
8409	7427	8409
8410	7426	8410
8415	3638	8415
8416	7523	8416
8417		8417
8422		8422
8424	7622	8424
8425	7719	8425
8426	7949	8426
8431	7430	8431
8436	5484	8436
8438	7481	8438
8440		8440
8442	3374	8442
8443	5376	8443
8446	12923	8446
8449	7477	8449
8450	6572	8450
8451	4843	8451
8456	7442	8456
8457	7460	8457
8460	7432	8460
8464	4298	8464
8465		8465
8475	8937	8475
8476	7512	8476
8478	7447	8478
8479	7448	8479
8481	7441	8481
8486	8000	8486
8487	7621	8487
8490	7444	8490
8491	7445	8491
8492	7456	8492
8493	7455	8493
8494	2219	8494
8495	7910	8495
8496	3536	8496
8500	2272	8500
8501	5095	8501
8503	4659	8503
8507		8507
8514		8514
8516	8235	8516
8518		8518
8520	3517	8520
8521	2252	8521
8522	7465	8522
8524	2281	8524
8525	7568	8525
8526	7911	8526
8532		8532
8533	10880	8533
8536	7890	8536
8538	7546	8538
8539	6366	8539
8542	1073	8542
8546	2273	8546
8547	2286	8547
8548	6626	8548
8550	4015	8550
8551	7543	8551
8553	2548	8553
8554	2385	8554
8557	7486	8557
8560	7618	8560
8561	2413	8561
8563	6687	8563
8567	11093	8567
8584	2274	8584
8595	3568	8595
8598	4726	8598
8599		8599
8603	13043	8603
8604	12978	8604
8609	7494	8609
8619		8619
8624	7518	8624
8626	13001	8626
8628	12447	8628
8630	8109	8630
8631	8368	8631
8632	9391	8632
8635	7470	8635
8643	4755	8643
8644	8828	8644
8645	11442	8645
8646	12585	8646
8647	7045	8647
8648		8648
8659	13046	8659
8660	13087	8660
8661	11125	8661
8663	5003	
8664	8982	8664
8666	7623	8666
8667	12822	8667
8668		8668
8669	12783	8669
8670		8670
8671	12541	8671
8675	7532	8675
8676	7506	8676
8677	7713	8677
8678	7715	8678
8679	12711	8679
8680	12750	
8681	12629	8681
8682		8682
8685	5491	8685
8687	4635	8687
8689		8689
8696	12639	8696
8697	12773	8697
8701	11409	8701
8704	12827	8704
8705		8705
8706	7567	8706
8707	1918	8707
8709	6803	8709
8710		8710
8713		8713
8716	12840	8716
8717	12707	8717
8718	12749	8718
8719	12586	8719
8722	8019	8722
8723	5136	8723
8724	12998	8724
8726	7569	8726
8728		8728
8729	12616	8729
8730	12771	8730
8731	12666	8731
8732	12592	8732
8733	12632	8733
8740	7538	8740
8743	8705	8743
8745	4732	8745
8749		8749
8751	12971	8751
8752	12782	8752
8753	3162	8753
8754		8754
8763	3625	8763
8764	4683	8764
8765	4657	8765
8767		8767
8768	7995	8768
8769	7525	8769
8772	12812	8772
8773	12970	8773
8774	5486	8774
8777	3649	8777
8778	12588	8778
8782	13074	8782
8783	9369	8783
8786	3095	8786
8792		8792
8795	7529	8795
8799	1778	8799
8800		8800
8812	3375	8812
8815		8815
8829	2981	8829
8832	2982	8832
8839	2440	8839
8841	7674	8841
8842	4816	8842
8848	4817	8848
8853	2470	8853
8855	5016	8855
8857	7630	8857
8862	7394	8862
8876	7625	8876
8879	3576	8879
8883	7433	8883
8888		8888
8889	5078	8889
8890	3582	8890
8891	4639	8891
8894	8165	8894
8896	3955	8896
8897	5167	8897
8898	5262	8898
8899	5481	8899
8900	5526	8900
8908		8908
8909		8909
8915	7939	8915
8917	7443	8917
8919	5961	8919
8920	6365	8920
8921	13002	8921
8925	8708	8925
8928	8045	8928
8934	7591	8934
8935	8702	8935
8936	8706	8936
8937	7599	8937
8939	7952	8939
8949	3328	8949
8950	7526	8950
8952	7738	8952
8955		8955
8956	4064	8956
8957		8957
8958		8958
8959	14326	8959
8960	7611	8960
8961	7598	8961
8963		8963
8964	7570	8964
8965	3329	8965
8966	3330	8966
8967	5255	8967
8968	11537	8968
8972	7388	8972
8985		8985
8986	7654	8986
8993	5730	8993
8995	8521	8995
8999		8999
9000	7478	9000
9002		9002
9005	7624	9005
9007	7497	9007
9013		9013
9014	7602	9014
9015	4217	9015
9023		9023
9028	6523	9028
9032	7703	9032
9035	12084	9035
9040	7670	9040
9041	7727	9041
9043	4232	9043
9045		23645
9047	7975	9047
9053		9053
9055	7438	9055
9056	7954	9056
9061	6518	9061
9062		9062
9063	10579	9063
9065	7932	9065
9070	3054	9070
9074	7899	9074
9077	6812	9077
9078	6813	9078
9087	3344	9087
9088	7728	9088
9095	2683	9095
9098	3342	9098
9100		9100
9106	14617	9106
9107	7891	9107
9117		9117
9120	7736	9120
9121		9121
9124		9124
9127		9127
9130		9130
9135	8090	9135
9136		9136
9154	2126	9154
9159	7651	9159
9163	7642	9163
9164	7645	9164
9165	7643	9165
9166	7644	9166
9167		9167
9170		9170
9172	2213	9172
9175	3144	9175
9177	4180	9177
9181	7680	9181
9200	8105	9200
9201	7669	9201
9202	7971	9202
9203		9203
9204	7655	9204
9205	7672	9205
9212	7676	9212
9213	6271	9213
9220		9220
9221	6317	9221
9228	2202	9228
9232	16059	9232
9239	5065	9239
9241	7718	9241
9242	3150	9242
9243	3148	9243
9244	3149	9244
9252		9252
9253	7729	9253
9254	8472	9254
9260		9260
9264	2043	9264
9274	7061	
9279	7273	9279
9282	7667	9282
9284	5483	9284
9288	7620	9288
9289	7874	9289
9290		9290
9292	5771	9292
9303	7336	9303
9314	7873	9314
9318	6995	9318
9324	5009	9324
9330	7671	9330
9331	7725	9331
9332	7883	9332
9333	7884	9333
9334	7881	9334
9335	7878	9335
9337	7726	9337
9338	7705	9338
9339	7880	9339
9340	7885	9340
9342	7600	9342
9343	7601	9343
9344		9344
9345	7907	9345
9346	7675	9346
9347	7579	9347
9348	5509	9348
9349	3135	9349
9351		9351
9353	7986	9353
9355		9355
9356	2655	9356
9361		9361
9362		9362
9365	9019	9365
9366		9366
9367	7900	9367
9371	7943	9371
9376	2312	9376
9379	7903	9379
9383	4299	9383
9385	968	9385
9387	2363	9387
9388	2364	
9389	2365	9389
9390	2366	9390
9391	2362	9391
9392	2206	9392
9393	7904	9393
9395	7942	9395
9396		9396
9403	5795	9403
9404	5327	9404
9409	1716	9409
9416	7386	9416
9417	4907	9417
9421		9421
9423		9423
9424	12902	9424
9426	4716	9426
9433	12050	9433
9438	1885	9438
9441	7922	9441
9445		9445
9446	7558	9446
9447	9264	9447
9451	7555	9451
9455	4701	9455
9464	7402	9464
9465		9465
9471	8085	9471
9479	7933	9479
9488	10546	9488
9491	3134	9491
9493	7940	9493
9495	6633	9495
9496	7076	9496
9498	4273	9498
9500	4822	9500
9501	1853	9501
9502	7892	9502
9506	7945	9506
9509	7235	9509
9510	7948	9510
9513	7934	9513
9515	7953	9515
9518	7951	9518
9519	2259	9519
9520	2195	9520
9521	7927	9521
9522	2196	9522
9523	7960	9523
9525	7882	9525
9526	7168	9526
9528		9528
9531	6233	9531
9533	5642	9533
9535	7964	9535
9536	7955	9536
9539	7989	9539
9540	3549	9540
9544	8079	9544
9546	6385	9546
9547	7660	9547
9548	7658	9548
9549	7659	9549
9558	8785	9558
9561	7974	9561
9562	7977	9562
9563		9563
9566	7976	9566
9568		9568
9575	2295	9575
9581		9581
9584	5756	9584
9587	7978	9587
9591		9591
9595	7997	9595
9598	7992	9598
9600	7668	9600
9606	8445	9606
9608	7985	9608
9611	7973	9611
9613	1118	9613
9617	8280	9617
9618	8505	9618
9624	8106	9624
9627	7996	9627
9629	7994	9629
9630		9630
9645	4235	9645
9646	3490	9646
9650	7993	9650
9656	8014	9656
9662		9662
9665	7698	9665
9667	8015	9667
9673		9673
9675		9675
9689	7944	9689
9691	4318	9691
9693	8027	9693
9708		9708
9712	8041	9712
9716		9716
9724		9724
9732	8444	9732
9733	8436	9733
9734		9734
9735		9735
9736	8062	9736
9737	8055	9737
9744	8068	9744
9745	8203	9745
9748	3523	9748
9749	7095	9749
9750	8229	9750
9751	8272	9751
9754		9754
9756	8069	9756
9759	2464	9759
9760	8073	9760
9761		9761
9768	5433	9768
9770	6440	9770
9773	2072	9773
9774	8060	9774
9776	8107	9776
9777	3682	9777
9781	4036	9781
9782	8083	9782
9785	6242	9785
9786	6243	9786
9789	5397	9789
9790	8271	9790
9792	4428	9792
9793	8158	9793
9794	8222	9794
9795	3608	9795
9796	7906	9796
9797		9797
9798	8462	9798
9799	8070	9799
9801	8461	9801
9806	8954	9806
9807	2241	9807
9810	2341	9810
9811	2240	9811
9812	3514	9812
9817	811	9817
9818	6180	9818
9819	8215	9819
9821		9821
9822	4856	9822
9824	7935	9824
9825	4357	9825
9826	4830	9826
9829	8748	9829
9832	4898	9832
9834	8057	9834
9837	4234	9837
9846	8094	9846
9850	8080	9850
9856	5519	9856
9857		9857
9858	7203	9858
9861	8063	9861
9862	6070	9862
9863	8039	9863
9865	8948	9865
9866	5505	9866
9868	11060	9868
9869		9869
9875	7982	9875
9878	4447	9878
9879	8092	9879
9880	6273	9880
9881	5248	9881
9882	6027	9882
9883	2702	9883
9884	5487	9884
9885	2075	9885
9886	8091	9886
9888		9888
9890	8161	9890
9893	8173	9893
9895	10730	9895
9900	8201	9900
9902		9902
9903		9903
9905	7085	9905
9906	6807	9906
9907	7956	9907
9910	8433	9910
9911	8076	9911
9916	4454	9916
9917	8012	9917
9919	8148	9919
9922	8112	9922
9924	8243	9924
9925		9925
9926	8113	9926
9930	8071	9930
9931	6632	9931
9934	8117	9934
9935	8310	9935
9936	8265	9936
9938	8180	9938
9940	8087	9940
9941	8101	9941
9943	8119	9943
9944	8118	9944
9947		9947
9948	10187	9948
9949	6298	9949
9950	8122	9950
9951	8120	9951
9952	14830	9952
9955	16703	9955
9956	8442	9956
9957	6697	9957
9958	8130	9958
9959	4186	9959
9963	8121	9963
9965	7681	9965
9967		9967
9969	8126	9969
9972	2355	9972
9973	8431	9973
9976	8440	9976
9978	2344	9978
9979	8074	9979
9981	8131	9981
9982	8132	9982
9988	8898	9988
9989	8181	9989
9990	8086	9990
9991	6396	9991
9993	4062	9993
9996	8133	9996
9998	4221	9998
9999	8010	9999
10000		10000
10005	4936	10005
10012	8102	10012
10013	8135	10013
10014	8136	10014
10015	8140	10015
10016	8255	10016
10017	8172	10017
10020		10020
10029	8141	10029
10030	8150	10030
10033	8142	10033
10036		10036
10039		10039
10040	5228	10040
10044	8460	10044
10045	5565	10045
10048		10048
10049	8177	10049
10050	8049	10050
10055	3119	10055
10056	7549	10056
10057	7547	10057
10058	7560	10058
10059	7548	10059
10060	7557	10060
10061	7396	10061
10067		10067
10073	8154	10073
10074	8009	10074
10075	8159	10075
10076	8163	10076
10077	7121	10077
10079	8166	10079
10080	8167	10080
10083		10083
10087	8160	10087
10089	8164	
10092		10092
10098		10098
10105	5007	10105
10108		10108
10109	8266	10109
10110	8179	10110
10112	7122	10112
10113	7707	10113
10114	7983	10114
10115	8174	10115
10116	8115	10116
10118		10118
10119	8204	10119
10122		10122
10135	6300	10135
10136	4962	10136
10137	4709	10137
10138	4952	10138
10139	4965	10139
10149	8426	10149
10153	8821	10153
10155	8206	10155
10156	8205	10156
10161	8210	10161
10162	8211	10162
10163	8149	10163
10165	8168	10165
10172		10172
10177	8182	10177
10178		10178
10180		10180
10187	8287	10187
10189	8565	10189
10191	8223	10191
10194	8441	10194
10196	8171	10196
10197	8225	10197
10199	3327	10199
10200	7354	10200
10201		10201
10202	12531	10202
10203	2318	10203
10207	4070	10207
10209	8448	10209
10210	6600	10210
10213	8230	10213
10216	8288	10216
10217	8212	10217
10218		10218
10219		10219
10224	3151	10224
10232	8234	10232
10236	5923	10236
10237	2597	10237
10238	8096	10238
10239	3984	10239
10241	4950	10241
10242		10242
10244	8427	10244
10245	5266	10245
10246	7346	10246
10247	7343	10247
10249		10249
10250	3160	10250
10257	8240	10257
10258	9434	10258
10259	8156	10259
10260	8138	10260
10261	8022	10261
10262	8605	10262
10263		10263
10271	8242	10271
10276		10276
10278	8218	10278
10282	3587	10282
10285	3589	10285
10294		10294
10297		10297
10298		10298
10301		10301
10302		10302
10304	5231	10304
10306		10306
10308	8254	10308
10313	4805	10313
10319	1673	10319
10321	8259	10321
10323	8231	10323
10324	8221	10324
10330	8391	10330
10335	8749	10335
10336	8260	10336
10338	8245	10338
10342	1514	10342
10346	8153	10346
10347	8244	10347
10348	8051	10348
10350	8268	10350
10351		10351
10353	4270	10353
10354	2037	10354
10355	5317	10355
10357	8276	10357
10359	8295	10359
10360	1339	10360
10361		10361
10369	5811	10369
10370	8298	10370
10372	8275	10372
10373		10373
10375	8046	10375
10378	8294	10378
10379	8286	10379
10384		10384
10389	8270	10389
10390		10390
10391		10391
10396	8292	10396
10397	8319	10397
10405	8303	10405
10406	8290	10406
10407	8258	10407
10408	8289	10408
10417	8315	10417
10418	8307	10418
10431		10431
10435	7342	10435
10436	8064	10436
10444	8321	10444
10445	8432	10445
10447	8299	10447
10448	8324	10448
10456	8323	10456
10460	8367	10460
10463	5268	10463
10464	9090	10464
10465	8338	10465
10466	5823	10466
10469		10469
10470	10908	10470
10471		10471
10477		10477
10479		10479
10481	2755	10481
10483		10483
10490	8348	10490
10491	8350	10491
10495	8353	10495
10497		10497
10500	8256	10500
10501	8257	10501
10502	8143	10502
10506	8428	10506
10507	8381	10507
10509	3956	10509
10511	8453	10511
10513		10513
10516	8707	10516
10519	8362	10519
10521	8364	10521
10524	8363	10524
10525	5527	10525
10526	5525	10526
10527	5905	10527
10528	7499	10528
10531	8399	10531
10532		10532
10533	8176	10533
10534	7770	10534
10536		10536
10539	8327	10539
10540	8326	10540
10541	8325	10541
10545	8343	10545
10547	8351	10547
10549	14332	10549
10554	3488	10554
10562	1912	10562
10563	7663	10563
10564	7691	10564
10568	8370	10568
10572	8371	10572
10573	8373	10573
10578	8376	10578
10581		10581
10582	8560	10582
10584	11478	
10585	11315	10585
10586	12925	10586
10588	8378	10588
10589	8312	10589
10592		10592
10595	8474	10595
10602	8358	10602
10603	8359	10603
10604		10604
10607	3421	10607
10611	8396	10611
10620	8395	10620
10622	8918	10622
10623	8438	10623
10624		10624
10627	11220	10627
10628		10628
10629	8388	10629
10632		63515
10633	8746	10633
10638		10638
10639	8170	10639
10643		10643
10647		10647
10648	5696	10648
10653	4084	10653
10659	8387	10659
10666		10666
10671	8406	10671
10674	8439	10674
10679	11554	10679
10681	8375	10681
10684	8329	10684
10685	8330	10685
10686	8384	10686
10687	8279	10687
10688	8408	10688
10689		10689
10690	8318	10690
10691	8393	10691
10693		10693
10701	8443	10701
10702	8414	10702
10703	8501	10703
10705	6203	10705
10706	7077	10706
10709	6498	10709
10711	8407	10711
10713		10713
10714		10714
10715		10715
10716		10716
10717		10717
10718	5261	10718
10719	8419	10719
10720	8420	10720
10721	8421	10721
10723	8425	10723
10731	8374	10731
10732		10732
10735		10735
10736	8751	10736
10737		10737
10739		10739
10740	8269	10740
10741	7694	10741
10742	5384	10742
10743	6877	10743
10751	5972	10751
10755	3178	10755
10756	6914	10756
10757	6944	31912
10758	5386	10758
10759	6920	10759
10760	6924	10760
10763	8789	10763
10765		10765
10766	8534	10766
10774	3990	10774
10780	2351	10780
10790	8476	10790
10793	8480	10793
10794	8586	10794
10796		10796
10797	8486	10797
10798	8485	10798
10799	8479	10799
10800	8538	10800
10801	8403	10801
10802	8475	10802
10804		10804
10805	8490	10805
10808	8494	10808
10810		10810
10812	14936	10812
10813	11766	10813
10815	5079	10815
10819		10819
10820	7091	10820
10821	8489	10821
10823		10823
10824		10824
10825		10825
10832		10832
10834		10834
10838	8484	10838
10842		10842
10847		10847
10849	8510	10849
10850	8389	10850
10852	8773	10852
10855	7597	10855
10856	8382	10856
10859	8516	10859
10862	14771	10862
10863		10863
10869	8668	10869
10870	12360	10870
10882	8772	10882
10884	8701	10884
10886	8910	10886
10887	5493	10887
10889	2483	10889
10893	8300	10893
10897	8522	10897
10901	6759	10901
10904	8524	10904
10905		10905
10908	8634	10908
10909	7032	10909
10916	3492	10916
10917	3493	10917
10918		10918
10920		10920
10923	8615	10923
10924	8528	10924
10928	9155	10928
10933	8515	10933
10934	8481	10934
10935		10935
10936	8932	10936
10937	8517	10937
10941	13136	10941
10943	7378	10943
10947		10947
10948		10948
10949		10949
10950		10950
10953	8774	10953
10954	8532	10954
10958	8722	10958
10964	5230	10964
10965	2348	10965
10967	5942	10967
10979	8251	10979
10987	4371	10987
10989	6221	10989
10995	8491	10995
10997		10997
10999	8512	10999
11001	8885	11001
11005	8541	11005
11009	8672	11009
11013	8564	11013
11017	8629	11017
11019	8671	11019
11021	8549	11021
11033	8520	11033
11043	8249	11043
11049	2317	11049
11053	8542	11053
11061	8550	11061
11069	8139	11069
11077		11077
11079	8552	11079
11087	8110	11087
11093	6602	11093
11095	2715	11095
11097	6386	11097
11099		11099
11101	8559	11101
11103	8513	11103
11111	8556	11111
11113		11113
11123	8567	11123
11135	10049	11135
11141		11141
11161		11161
11177	8555	11177
11179	8686	11179
11189	8544	11189
11197	4052	11197
11203	4660	11203
11209	8566	11209
11213	6979	11213
11221	4161	11221
11227	8583	11227
11235	8573	11235
11237	8577	11237
11239	8575	11239
11241	8571	11241
11245	4947	11245
11255	8569	11255
11266		11266
11268	5494	11268
11269	2217	11269
11275	3071	11275
11281		11281
11285	8584	11285
11299		11299
11307	5081	11307
11313	8587	11313
11319	8593	11319
11339	8597	11339
11341	8594	11341
11355	8607	11355
11357	11205	11357
11359		11359
11371	8601	11371
11375	8606	11375
11385	8616	11385
11405	5288	11405
11411	6294	11411
11421	2985	11421
11433	8620	11433
11441	8595	11441
11447	6949	11447
11457	8645	11457
11471	8770	11471
11483		11483
11487	8685	11487
11491	8716	11491
11497	1700	11497
11499	8642	11499
11505		11505
11507	8632	11507
11511	8769	11511
11521	7174	11521
11525	4094	11525
11531	8650	11531
11533	5788	11533
11537	3616	11537
11541		11541
11545	4948	11545
11547	8652	11547
11553		11553
11561	6207	11561
11569	9698	11569
11577	8655	11577
11579	8767	11579
11583	8659	11583
11589	8328	11589
11593	4258	11593
11595	3204	11595
11597	8658	11597
11609		11609
11611		11611
11615	8700	11615
11617	8660	11617
11625	4297	11625
11633	8929	11633
11635	8760	11635
11659	4042	11659
11661	8766	11661
11663		11663
11665	8667	11665
11673	8669	11673
11679	8753	11679
11681		11681
11685	8576	11685
11687	8755	11687
11689	8757	11689
11691	8752	11691
11693	7029	11693
11695	4102	11695
11697	8798	11697
11699	8253	11699
11701	8625	11701
11703	8673	11703
11705	8557	11705
11711		11711
11713		11713
11715		11715
11717	8764	11717
11729	8065	11729
11731		11731
11733	8759	11733
11735	8003	11735
11737	8689	11737
11739	8875	11739
11741	8880	11741
11743	8694	11743
11751	8709	11751
11755	8699	11755
11757	8692	11757
11759	8691	11759
11761	8799	11761
11763	9794	11763
11767	8710	11767
11769	8677	11769
11771	8681	11771
11773	8690	11773
11777	8713	11777
11783	8882	11783
11785	8719	11785
11787	7735	11787
11789	8763	11789
11791	7392	11791
11793		11793
11799	3613	11799
11809	8661	11809
11813	8721	11813
11829	3092	11829
11835	8956	11835
11837	8728	11837
11841	8955	11841
11843	8729	11843
11853	8735	11853
11857	3110	11857
11859	8737	11859
11867	6301	11867
11869	8756	11869
11873	5717	11873
11883		11883
11887	8742	11887
11889		11889
11897	8758	11897
11911		11911
11915	8754	11915
11917	8775	11917
11919	8695	11919
11933	8869	11933
11959	4010	11959
11977	8778	11977
11979		11979
11981		11981
11995	1855	11995
12001	8762	12001
12005	5946	12005
12015	8805	12015
12017		12017
12021	8679	12021
12027	6525	12027
12029	8787	12029
12031	8791	12031
12035	9322	12035
12037	5952	12037
12039	6758	12039
12049	8788	12049
12053		12053
12065		12065
12067		12067
12069		12069
12079		12079
12091	8740	
12101	12810	12101
12113		12113
12115		12115
12117	8806	12117
12119	8804	12119
12121	8783	12121
12123	8992	12123
12131		12131
12133		12133
12135		12135
12137	9489	12137
12139	2874	12139
12141	3583	12141
12145	12890	12145
12149	8816	12149
12157	8813	12157
12163		12163
12165	3581	12165
12175	8820	12175
12181		12181
12185	7496	12185
12187	8824	12187
12189	8855	12189
12191	8819	12191
12221	8817	12221
12223		12223
12225		12225
12231	8809	12231
12237	8822	12237
12243	3088	12243
12259	7533	12259
12267	9378	12267
12279	2132	12279
12281	8962	12281
12291	8890	12291
12293	8861	12293
12295	4361	12295
12317	8829	12317
12321	8831	12321
12341	10348	12341
12343	19354	12343
12347	19355	12347
12351		12351
12355	8832	12355
12359	7337	12359
12361		12361
12365	8836	12365
12367	8834	12367
12371		12371
12391	1898	12391
12393	6657	12393
12399	2411	12399
12401	7033	12401
12403	8844	12403
12411		12411
12413	8842	12413
12431	8865	12431
12433	10741	12433
12437	8602	12437
12439	9846	12439
12441	9847	12441
12445	8852	12445
12447		12447
12449		12449
12451	8877	12451
12455		12455
12461	8840	12461
12467	8853	12467
12471	8854	12471
12477	8857	12477
12481	8016	12481
12483	8017	12483
12485	8018	12485
12487	8886	12487
12497		12497
12499	8780	12499
12501	8850	12501
12503		12503
12505		12505
12521	8410	12521
12529	7060	12529
12531	8870	12531
12549	8879	12549
12561	6859	12561
12565		12565
12569	1896	12569
12579		12579
12581	8873	12581
12589	5334	12589
12591	10222	12591
12599	8881	12599
12603	6886	12603
12611	8848	12611
12613	2381	12613
12623	8983	12623
12637	8874	12637
12643	8901	12643
12651	8903	12651
12657	2040	58845
12659	13088	12659
12661	8964	12661
12663	2278	12663
12665		12665
12669		12669
12671	8826	12671
12673		12673
12677	8913	12677
12679	8899	12679
12685	8914	12685
12689		12689
12695	8919	12695
12699	8942	12699
12709		12709
12711	8921	12711
12715	3353	12715
12725		12725
12727		12727
12729	8925	12729
12745	4786	12745
12753	8924	12753
12755	8906	12755
12759	7344	12759
12763	5121	12763
12765	5166	12765
12767	1821	12767
12769	2903	12769
12771	4114	12771
12781	4663	12781
12783	8931	12783
12789	3471	12789
12791	5814	12791
12793	4045	12793
12795	3993	12795
12799	3359	12799
12803	6855	12803
12807	5488	12807
12809	5111	12809
12815	8934	12815
12823		12823
12833	4236	12833
12835	4958	12835
12851	6749	12851
12857	9410	12857
12859	8940	12859
12861	4959	12861
12863	8938	12863
12865	8961	12865
12867		12867
12875	8923	12875
12879	8944	12879
12881		12881
12883	8916	12883
12885		12885
12887	5074	12887
12893		12893
12895	5075	
12897	1882	12897
12899	4083	12899
12901	6811	12901
12903	3629	12903
12905	6611	12905
12907	8945	12907
12917	10317	12917
12919	11564	12919
12921		12921
12929	8963	12929
12935	12495	12935
12951	4677	12951
12963	8960	12963
12965	8957	12965
12967	8971	12967
12971	2044	12971
12979	8943	12979
12981	2063	12981
12991		12991
12993	8345	12993
13029	8872	13029
13041	8863	13041
13047	1500	13047
13053	11397	13053
13055	8969	13055
13073		13073
13083	7266	13083
13085	7269	13085
13087	8988	13087
13089	8989	13089
13091	7267	13091
13093	8995	13093
13103	10035	13103
13115	8999	13115
13117		13117
13119		13119
13125	9002	13125
13139	8967	13139
13141	8986	13141
13143	9003	13143
13145	8974	13145
13159	9020	13159
13161	9015	13161
13163	9016	13163
13165	8975	13165
13167	8926	13167
13169	8467	13169
13171	8468	13171
13173	8465	13173
13175	8466	13175
13177	8025	13177
13179	8026	13179
13185	9022	13185
13195	10123	13195
13201	4695	13201
13203	9031	13203
13207	8904	13207
13215	8922	13215
13231	9048	13231
13233		13233
13239	8674	13239
13245		13245
13247	9937	13247
13249	9861	13249
13251	9087	13251
13253	9044	13253
13255	9029	13255
13259	8495	13259
13261	9045	13261
13263		13263
13267	9046	13267
13271	9323	13271
13281		13281
13283	9050	13283
13287		13287
13299	7695	13299
13303	9069	13303
13307	1881	13307
13309	8592	13309
13311	8247	13311
13331	9076	13331
13333	9077	13333
13335	9074	13335
13349	9078	13349
13357		13357
13359	9118	13359
13365	5320	13365
13367	8830	13367
13369	8061	13369
13373	8498	13373
13375	8497	13375
13377	9034	13377
13391	9088	13391
13403		13403
13405	9488	13405
13407	8035	13407
13409	9093	13409
13411	9092	13411
13421	8030	13421
13423	3550	13423
13427	9121	13427
13429		13429
13431	9049	13431
13433	9148	13433
13435		13435
13441	8503	13441
13449	4140	13449
13455	9100	13455
13457	8800	13457
13459	9085	13459
13463	9084	13463
13465	9089	13465
13469	9102	13469
13495		13495
13497	9047	13497
13499	10052	13499
13501		13501
13503		13503
13505		13505
13507		13507
13509		13509
13511		13511
13513	8028	13513
13515	8866	13515
13517	10602	13517
13519	8492	13519
13535	8888	13535
13541	8953	13541
13543	8977	13543
13551	10774	13551
13553	9039	13553
13561		13561
13563	9115	13563
13585	9126	13585
13587		13587
13599	9128	13599
13601	9127	13601
13619		13619
13629	9086	13629
13655	9132	13655
13659	9134	13659
13663	9133	13663
13667	9023	13667
13669		13669
13673	8968	13673
13677		13677
13679	9462	13679
13681		13681
13691		13691
13693	9082	13693
13709	11542	13709
13715	7536	13715
13727	9108	13727
13731		13731
13755	11939	13755
13757		13757
13759	9153	13759
13767	9130	13767
13769	2073	13769
13781		13781
13789		13789
13793	11536	13793
13795		13795
13799	9021	13799
13807	9157	13807
13817		13817
13819		13819
13821	9037	13821
13823		13823
13825		30152
13827		13827
13831		13831
13833	8868	13833
13835	8867	13835
13837	9181	13837
13839	9152	13839
13843	9105	13843
13851	9162	13851
13855		13855
13857	7893	13857
13859		13859
13863	8878	13863
13927		13927
13935	9164	13935
13939	9187	13939
13947	6985	13947
13965		13965
13967		13967
13969		13969
13971	9109	13971
13983		13983
13993	9035	13993
14007	11207	14007
14023	8346	14023
14027	9206	14027
14039	9182	14039
14045	9207	14045
14049		14049
14067		14067
14069		14069
14073	8860	14073
14075	9214	14075
14077		14077
14093	9216	14093
14095		14095
14123		14123
14125	11823	14125
14131	9227	14131
14145	9317	14145
14173	8991	14173
14175	8827	14175
14181	2750	14181
14183	7571	14183
14189		14189
14199	9230	14199
14211	5035	14211
14213	5034	14213
14227	9235	14227
14231	3618	14231
14235		14235
14237	9237	14237
14247	3615	14247
14249	8628	14249
14253	5796	14253
14267	9240	14267
14277	9158	14277
14283	9242	14283
14289	9236	14289
14293	9208	14293
14317	9247	14317
14333	9211	14333
14345	9249	14345
14347	9251	14347
14349	9250	14349
14353	9253	14353
14355	9257	14355
14367		14367
14373	9259	14373
14381	9014	14381
14397	9261	14397
14407		14407
14467	9043	14467
14479	9277	14479
14511	9075	14511
14513	9268	14513
14515	8889	14515
14519	8398	14519
14527	9272	14527
14529		14529
14537		14537
14563	9281	14563
14575	9267	14575
14583		14583
14617		14617
14623	7328	14623
14627	9123	14627
14629	9083	14629
14631	9282	14631
14645	9284	14645
14647	9231	14647
14653	9291	14653
14663		14663
14669	9294	14669
14685		14685
14693	9260	14693
14713	9298	14713
14719	9304	14719
14735	9505	14735
14741	8883	14741
14743		14743
14749	9305	14749
14751	9306	14751
14753	9229	14753
14765	9269	14765
14781	14614	14781
14807	9309	14807
14811	9311	14811
14813	9310	14813
14817	9293	14817
14821	14605	14821
14827	9307	14827
14829	9042	14829
14833	9287	14833
14835	9283	14835
14837	9314	14837
14875	9147	14875
14889	9245	14889
14893	9302	14893
14913	9329	14913
14921	9328	14921
14935	9289	14935
14941	9330	14941
14947	9012	14947
14949	9144	14949
14951	9270	14951
14957		14957
14967	9342	14967
14989	8847	14989
14997	8273	54544
15005	9286	15005
15015		15015
15021	10314	15021
15037	9351	15037
15039	9356	15039
15043	9295	15043
15045	9359	15045
15051	9271	15051
15059	9344	15059
15061	9348	15061
15067	9194	15067
15069		15069
15077	9349	15077
15085	9358	15085
15093		15093
15095		15095
15109	9371	15109
15111		15111
15117	9324	15117
15119	9166	15119
15125	9367	15125
15127	9335	15127
15129	8095	15129
15133	9091	15133
15137	6933	15137
15139	6853	15139
15141	6604	15141
15159		15159
15177	9337	15177
15195	9339	15195
15197		15197
15199		15199
15201		15201
15211	9352	15211
15219		15219
15225	9341	15225
15227	9376	15227
15279	9381	15279
15291		15291
15307	8939	15307
15313	9386	15313
15315	9332	15315
15323		15323
15335	9384	15335
15347		15347
15359	9390	15359
15377	9398	15377
15379	9394	15379
15389	9382	15389
15393	8404	15393
15399	5539	15399
15407	9350	15407
15411		15411
15417	9427	15417
15423	11407	15423
15431		15431
15437	9129	15437
15439	9403	15439
15451	9409	15451
15453	8896	15453
15455	6892	15455
15479	7105	15479
15487		15487
15489	9400	15489
15505		15505
15525	7901	15525
15527	8365	
15529	8385	15529
15533	9154	15533
15535	9392	15535
15545	9199	15545
15547	9414	15547
15565	9406	15565
15579	4700	15579
15583	8808	15583
15591	9402	15591
15605	9436	15605
15607	7150	15607
15609		15609
15611	9437	15611
15613	9292	15613
15617		15617
15633	9321	15633
15649	9445	15649
15651	9446	15651
15653	8933	15653
15657	8980	15657
15673	11450	15673
15687		15687
15689	9453	15689
15699	9459	15699
15717		15717
15729		15729
15731	9107	15731
15743		15743
15749	9419	15749
15751	9393	15751
15769		15769
15771	9454	15771
15775	9456	15775
15781	9455	15781
15783	9458	15783
15785	9265	15785
15787	9431	15787
15793	9465	15793
15795	9405	15795
15807	9467	15807
15809	9466	15809
15811		15811
15813	9464	15813
15815	6760	15815
15819	9248	15819
15823	4724	15823
15847	9468	15847
15863	9452	15863
15865	9420	15865
15873	5093	15873
15875	5517	15875
15879		15879
15881		15881
15883	9365	15883
15891	12744	15891
15893		15893
15895		15895
15897	9444	15897
15905	12479	15905
15911	9366	15911
15913	4774	15913
15915	5711	15915
15925	9316	15925
15927		15927
15933	9476	15933
15937	4106	15937
15951		15951
15957	5290	15957
15959	9368	15959
15961	7693	15961
15963	9474	15963
15971	9477	15971
15977	12064	15977
15979	9512	15979
15989		15989
15993		15993
16001		16001
16005	9421	16005
16007	4933	16007
16009	9482	16009
16011	9481	16011
16021	9480	16021
16023		16023
16027	7941	16027
16033	9334	16033
16035	9186	16035
16041		16041
16049	9484	16049
16051	9485	16051
16063	6516	29919
16067	9387	16067
16099		16099
16119		16119
16123	9490	16123
16131	1738	16131
16149	9493	16149
16157	9395	16157
16159	1776	16159
16163	5812	16163
16169	9495	16169
16183	9494	16183
16201	9357	16201
16211	9499	16211
16233	11605	16233
16239		16239
16241	9501	16241
16245	3532	16245
16247	4864	16247
16251	4288	16251
16253	5226	16253
16255	5760	16255
16257	9415	16257
16259	4220	16259
16261	9239	16261
16263	3612	16263
16273		16273
16303	5442	16303
16317	9507	16317
16319	9503	16319
16331	9504	16331
16345	3209	16345
16347		16347
16353	9509	16353
16355	9510	16355
16363	9513	16363
16371	7730	16371
16373	8656	16373
16377	8657	16377
16381	9516	16381
16385	9517	16385
16389	9578	16389
16393	7333	16393
16395	9471	16395
16397	9520	16397
16399	9598	16399
16405	9522	16405
16415		16415
16417	9525	16417
16419	9523	16419
16434	7331	16434
16436	9537	16436
16442	9535	16442
16444	9519	16444
16454	3962	16454
16458	7059	16458
16468		16468
16480	4650	16480
16482	13557	16482
16486	6181	16486
16490	10249	16490
16498	9541	16498
16506	11589	16506
16508		16508
16510	5348	16510
16512	9554	16512
16514	7058	16514
16518	9551	16518
16524	9556	16524
16526	6647	16526
16528	9557	16528
16530	6578	16530
16552	9638	16552
16554	8214	16554
16556	15657	16556
16558	9643	16558
16560	8038	16560
16562	10247	16562
16566	10248	16566
16568	10251	16568
16570	9712	16570
16572	14609	16572
16574		16574
16586	4248	16586
16592	9555	16592
16602		16602
16604	10646	16604
16606	10640	16606
16608	10647	16608
16610	10645	16610
16614		16614
16620	13185	16620
16636		16636
16646		16646
16648		16648
16650	3167	16650
16656	9346	16656
16662	9514	16662
16664	9515	16664
16668	9568	16668
16678	9565	16678
16680	9564	16680
16690	10144	16690
16692		16692
16694		16694
16696	9707	16696
16700	9574	16700
16702	9528	16702
16706	9553	16706
16718		16718
16726	9473	16726
16728	2319	16728
16730	9626	16730
16732	9579	16732
16738		16738
16740		16740
16742	9582	16742
16746	14613	16746
16748	9608	16748
16752	9594	16752
16754	14604	16754
16756	8823	16756
16762	9585	16762
16774		16774
16776	3307	16776
16778	9635	16778
16780	9650	16780
16782	9589	16782
16784	9647	16784
16786	8950	16786
16788	5306	16788
16790	13184	16790
16794	9595	16794
16796	9642	16796
16798	9597	16798
16800	9610	16800
16802	14612	16802
16804	14588	16804
16806	13186	16806
16808	9636	16808
16810	9609	16810
16812	9593	16812
16814		16814
16816	9596	16816
16818	9611	16818
16820	9646	16820
16822	11274	16822
16824	13200	16824
16828	9652	16828
16830		16830
16832		16832
16834	9649	16834
16838	11806	16838
16866	9599	16866
16868	9600	16868
16870	9588	16870
16890	9590	16890
16894	9603	16894
16904	9605	16904
16906	9566	16906
16908	9583	16908
16910	9479	16910
16912		16912
16916		16916
16918	9606	16918
16928	9614	16928
16934		16934
16936		16936
16954	6491	16954
16964		16964
16970	7112	16970
16982	9584	16982
16988		16988
16994	7689	16994
17002		17002
17004		17004
17006		17006
17010	9263	17010
17020		17020
17048		17048
17068	9558	17068
17074	9183	17074
17076	6854	17076
17080	9639	17080
17082	9418	17082
17086	9710	17086
17088	4616	17088
17090	9713	17090
17092	15751	17092
17100	14607	17100
17102		17102
17104		17104
17106	14040	17106
17113	9542	17113
17115	9653	17115
17117	4179	17117
17121	9655	17121
17127	9654	17127
17131	4979	17131
17137		17137
17141	9718	17141
17147	9657	17147
17151	8386	17151
17159		17159
17161		17161
17165	1596	17165
17187		17187
17201	3992	17201
17205		17205
17211	3610	17211
17213	7397	17213
17215	7561	17215
17217	5770	17217
17219	7550	17219
17221		17221
17223		17223
17233	15655	17233
17237	9538	17237
17245	9210	17245
17247	9665	17247
17249	9664	17249
17259		17259
17263	9527	17263
17265	9677	17265
17267	9678	17267
17269	9687	17269
17273		17273
17277		17277
17291	4756	17291
17293	9169	17293
17307	7572	17307
17313	7724	17313
17315	4628	17315
17317	7575	17317
17321	7576	17321
17325	4182	17325
17339	7527	17339
17341		17341
17345		17345
17351		17351
17353	9688	17353
17357	9690	17357
17359	9662	17359
17379	9862	17379
17387	4219	17387
17389	9672	17389
17391		17391
17395	9534	17395
17397	9693	17397
17403	3179	17403
17405	7917	17405
17409		17409
17423	5300	17423
17427	9055	17427
17437	9701	17437
17439	8617	17439
17441	7634	17441
17443	7631	17443
17445	7633	17445
17447	7632	17447
17457	6973	17457
17467	6956	17467
17469	4131	17469
17471	8807	17471
17473	7696	17473
17479	7839	17479
17485	9170	17485
17487	3979	17487
17489	3073	17489
17493	3438	17493
17497	9706	17497
17501	5264	17501
17505	9666	17505
17513	9717	17513
17521	1684	17521
17535		17535
17549	9722	17549
17551		17551
17563	7453	17563
17573	9754	17573
17599	1938	17599
17601	9278	17601
17603	7363	17603
17605	7362	17605
17613	4312	17613
17615	6806	17615
17619	6770	17619
17621	8548	17621
17623	6022	17623
17624	4063	17624
17635	9729	17635
17637	9622	17637
17641	9734	17641
17643		17643
17649	4720	17649
17651	9736	17651
17655	9719	17655
17657	12135	17657
17659	9327	17659
17665	7493	17665
17667	2243	17667
17669	4725	17669
17671	3080	17671
17673	5292	17673
17675	3680	17675
17677	9125	
17681	9741	17681
17687	1932	17687
17689	6695	17689
17693	8347	17693
17697	9744	17697
17699	9671	17699
17703	9625	17703
17705	9674	17705
17707	9727	17707
17717		17717
17719	2049	17719
17721	7353	17721
17725	9825	17725
17727	9747	17727
17729	9749	17729
17731	9745	17731
17733	9746	17733
17739	9752	17739
17741	9751	17741
17749		17749
17753		17753
17777	9546	17777
17785		17785
17787		17787
17791	9758	17791
17811	9755	17811
17813		17813
17815	9757	17815
17819		17819
17821	9620	17821
17827	9765	17827
17831	9663	17831
17835	7052	17835
17843		17843
17849	9714	17849
17855	9770	17855
17871	9681	17871
17873	9764	17873
17875	9720	17875
17879		17879
17887	7999	17887
17891	12928	17891
17893	15750	17893
17895	9771	17895
17897	11006	17897
17901	11403	17901
17903	7094	17903
17909	9782	17909
17913	9870	17913
17917	9738	17917
17919	10958	17919
17933	9502	17933
17947	9788	17947
17949		17949
17953	7784	17953
17959	9572	17959
17961	9449	17961
17963	9450	17963
17965	11156	17965
17969	9784	17969
17977	8236	17977
17979	9195	17979
17981	8238	17981
17983	7866	17983
17985	7872	17985
17989		17989
17991		17991
18001	9789	18001
18003		18003
18005	4561	18005
18031	7783	18031
18033	7774	18033
18041	9508	18041
18045		18045
18047	8331	18047
18053		18053
18055	9797	18055
18061	7647	18061
18063	6971	18063
18071	6810	18071
18087	7868	18087
18095	9801	18095
18097	9867	18097
18099	9802	18099
18109	9793	18109
18115	9807	18115
18119	9798	18119
18121		18121
18133	9856	18133
18137	9669	18137
18139	9809	18139
18149		18149
18153	9518	18153
18155	9786	18155
18177	9790	18177
18179	9591	18179
18191	9695	18191
18195	9822	18195
18205	10633	24437
18227	9819	18227
18229	9820	18229
18231		18231
18241	9775	18241
18245	9823	18245
18247	9849	18247
18269		18269
18271	9592	18271
18273	9630	18273
18275	11871	18275
18277	9772	18277
18283	9631	18283
18295	9949	18295
18301	9645	18301
18303	9632	18303
18305	9629	18305
18307	9634	18307
18309	9637	18309
18311	13931	18311
18313	9633	18313
18315		18315
18317	14606	18317
18319	20050	18319
18321		18321
18323		18323
18325	13196	18325
18327	14608	18327
18329	13997	18329
18331	14005	18331
18339	6607	18339
18341	6608	18341
18353	9111	18353
18355	9769	18355
18357	9694	18357
18365	11549	18365
18375		18375
18377	3143	18377
18389	9831	18389
18391	10090	18391
18393		18393
18397	9826	18397
18411	9836	18411
18413		18413
18419		18419
18425		18425
18429	9841	18429
18441	9803	18441
18443	9060	18443
18447	9113	18447
18449	9778	18449
18451	7096	18451
18457	5385	18457
18463	12800	18463
18465	9676	18465
18469	9721	18469
18475	9053	18475
18489	9143	18489
18491	9142	18491
18495	9857	18495
18497	9816	18497
18499	9817	18499
18507	9858	18507
18521	10661	18521
18523	9808	18523
18527	9886	18527
18533		18533
18549		18549
18557	5017	18557
18561	12801	18561
18567	2976	18567
18569	2975	18569
18573	4647	18573
18575	9865	18575
18577	9866	18577
18583	8267	18583
18591	7553	18591
18599	9607	18599
18603	4118	18603
18617	10008	18617
18619	10009	18619
18627	9869	18627
18629	2408	18629
18631	8987	18631
18635	1892	18635
18637	9451	18637
18639		18639
18661		18661
18669		18669
18671	9874	18671
18677	9659	18677
18679	9875	18679
18683	9173	18683
18689	9881	18689
18703	9885	18703
18713		18713
18723	9863	18723
18729		18729
18731	9059	18731
18743	5267	18743
18745	9887	18745
18747	9913	18747
18753	9890	18753
18755	9889	18755
18759	7166	18759
18767	9893	18767
18771	9854	18771
18773	9095	18773
18781	9895	18781
18795		18795
18799	10124	18799
18815		18815
18817	9891	18817
18819	3084	18819
18821	9052	18821
18823		18823
18831	10122	18831
18835		18835
18843		18841
18845	9899	18845
18849	9904	18849
18851	9900	18851
18857		18857
18881		18881
18893	9905	18893
18897	9903	18897
18907	8653	18907
18919	9896	18919
18937	6241	18937
18939	9028	18939
18941	9131	18941
18943	9500	18943
18953	9911	18953
18967	9946	18967
18983	9932	18983
18989		18989
19021	9919	19021
19023	9417	19023
19029		19029
19049	8665	19049
19053		19053
19059	13864	19059
19063	4041	19063
19067	9923	19067
19069		19069
19071		19071
19073		19073
19081		19081
19087	2986	19087
19099	9926	19099
19109		19109
19111	9927	19111
19115	9921	19115
19117	9888	19117
19121	4949	19121
19123		19123
19125	9928	19125
19133		19133
19135	4132	19135
19137	13142	19137
19151	9931	19151
19157	9930	19157
19159	9934	19159
19163	9935	19163
19165	9907	19165
19167	6357	19167
19169	9936	19169
19171	9924	19171
19177	9165	19177
19185		19185
19187		19187
19191		19191
19193		19193
19195		19195
19199	9880	21353
19207	9942	19207
19209	12209	19209
19211		19211
19213	12211	19213
19217	11405	19217
19219	11383	19219
19221	9787	19221
19231	12210	19231
19233	11024	19233
19235		19235
19237	13125	19237
19239	13081	19239
19251		19251
19255		19255
19257	9948	19257
19271	2323	19271
19279	9396	19279
19287		19287
19291	9956	19291
19297		19297
19305	9943	19305
19307	8499	40194
19311		19311
19315	9804	19315
19319	9960	19319
19325		19325
19337	10476	19337
19351	9965	19351
19363	9968	19363
19365	9967	19365
19367	9966	19367
19369	9855	19369
19383	9964	19383
19391		19391
19397		19397
19401	7265	19401
19429	9916	19429
19431		19431
19433	7746	19433
19437	10203	19437
19445	9667	19445
19447		19447
19457		19457
19463	10215	19463
19467	15560	19467
19469	9974	19469
19479		19479
19481	13104	19481
19489	9971	19489
19495		19495
19497	10218	19497
19501	15175	19501
19505	1888	19505
19511		19511
19513	5944	19513
19515	3429	19515
19517	7867	19517
19519		19519
19521		19521
19533	9172	19533
19535	9918	19535
19547	9716	19547
19555	15404	19555
19557		19557
19559	6682	19559
19575	9984	19575
19581	9983	19581
19583	4061	19583
19585	7335	19585
19587	9970	19587
19597	7673	19597
19603	9977	22297
19613	10486	22507
19619		19619
19627	9205	19627
19645	9975	19645
19647	9982	19647
19653	9989	19653
19669	9991	19669
19671		19671
19681	1883	19681
19683	9851	
19685	9524	19685
19687	10048	19687
19695		19695
19697		19697
19703	9992	19703
19705		19705
19717	8186	19717
19727	8693	19727
19729	8190	19729
19731	10209	19731
19745	8188	19745
19749	8189	19749
19751	2039	19751
19753	8187	19753
19755	9990	19755
19759	9985	19759
19769	9995	19769
19773	7341	19773
19775	9892	19775
19781	10861	19781
19783	7690	19783
19799	10001	19799
19811	11541	19811
19815	9998	19815
19817	5867	19817
19825	10005	19825
19831	7334	19831
19839	14862	19839
19841	10007	19841
19843	10050	19843
19845		19845
19849	9774	19849
19855	9882	19855
19871	9830	19871
19873	6522	19873
19875	5169	19875
19877	9743	19877
19879	9461	19879
19887	2412	19887
19889		19889
19897	7615	19897
19899	7071	19899
19901	5094	19901
19905	6631	19905
19907	6356	19907
19909	4727	19909
19917	3132	19917
19919	10010	19919
19921	5100	19921
19923	9176	19923
19925	10632	19925
19941	5272	19941
19943	6359	19943
19945		19945
19947	1679	19947
19951	10012	19951
19953	10006	19953
19957	7710	19957
19959	7501	19959
19961	3422	19961
19965	2460	19965
19971	6982	19971
19973		19973
19977	7466	19977
19981	2918	19981
19983	7640	19983
19985	5073	19985
19987	3180	19987
19989	5076	19989
19991	5170	19991
19993	5090	19993
19995	3642	19995
19997	5163	19997
19999	6957	19999
20001	1897	20001
20003	5482	20003
20005	4946	20005
20009	3518	20009
20021	10022	20021
20023	6972	20023
20025	5489	20025
20027	4991	20027
20031	10011	20031
20033	10023	20033
20035		20035
20039	10025	20039
20045		20045
20047	9922	20047
20053	10024	20053
20057	10027	20057
20075	7284	20075
20077	7510	20077
20079	4038	20079
20081	3093	20081
20083	1780	20083
20085	4648	20085
20087	6629	20087
20093	7708	20093
20095	5284	20095
20109	6011	20109
20111	8859	20111
20113	7760	20113
20115	4956	20115
20117	7511	20117
20123	3632	20123
20125	5520	20125
20127	2083	20127
20141	10021	20141
20143	4119	20143
20145	6576	20145
20147	2345	20147
20153	8059	20153
20159	10031	20159
20173	6204	20173
20175	3947	20175
20183	3089	20183
20185	9026	20185
20187		20187
20189	7340	20189
20199	6519	20199
20201	3957	20201
20205	9189	20205
20207	3567	20207
20221	10015	20221
20223	1909	20223
20225	6200	20225
20227	5271	20227
20229	5225	20229
20231	6334	20231
20233	6980	20233
20235	6201	20235
20237	5064	20237
20239	5515	20239
20241	9177	20241
20243	3346	20243
20267	10038	20267
20329	9979	20329
20353	6102	20353
20355		20355
20359		20359
20365		20365
20371	9950	20371
20381	1497	20381
20383		20383
20385	2904	20385
20391		20391
20423		20423
20431	9955	20431
20441		20441
20442	10114	20543
20444		20473
20446	10067	21677
20447	9925	20507
20448	10197	20847
20449	10549	23319
20450		21201
20451		21415
20452		20843
20453	10064	20449
20454	11964	32866
20455	10134	20555
20457	10181	20787
20458	10182	20785
20459	9435	20755
20460	10644	20811
20461	4396	1013
20462	9973	20853
20463	4007	20499
20464	10145	20583
20465		20547
20466	6986	20587
20467	10091	20509
20468	11232	20581
20469	10087	20671
20471	10086	20673
20472		20479
20473	10205	20931
20474	10206	20899
20475	10041	20709
20476	10077	20703
20477	11199	20667
20478	10447	20651
20479	10208	20939
20480	10956	20505
20481		20517
20482	9013	20603
20483	10110	20541
20484	12733	20539
20485	10293	21435
20486	9580	20533
20487	10226	21039
20488	9536	20457
20490	10228	21067
20491	9375	20469
20492	10210	20971
20493	9908	20835
20494	10179	20767
20496	10212	20973
20497	10232	21667
20498	10135	21073
20500		20969
20501	10202	20903
20502	10199	20961
20503	9496	21085
20504	10200	20907
20505	10201	20889
20506	10241	21167
20507	11299	21037
20509	10243	21177
20510	10244	21185
20511		29855
20512	10245	21189
20513	10065	23281
20514	10066	21339
20515	10253	21469
20516	10255	21267
20517	10262	21273
20518	10446	23121
20519	10326	21647
20520	9906	21105
20521	10169	20689
20522		21009
20523		20987
20524		21241
20525	10271	21325
20526	10274	21329
20527	10273	21327
20528		6251
20529	10288	21405
20530	10286	21421
20531		20909
20532	10276	21335
20533	10291	21437
20534	10069	21431
20535	10252	21395
20537	10295	21863
20538	10289	21427
20539	4184	8120
20540	10298	21497
20541	10360	21603
20542	10305	21563
20543	10306	21671
20546	10290	21419
20547	10254	21507
20548	10281	21013
20549	10227	21031
20550	10150	20963
20551	10113	20545
20552	10310	21639
20553	10161	21511
20554	10177	20745
20555	10313	21557
20556	8864	21561
20557	10315	21587
20559	10320	22583
20560	10321	21573
20561	9032	13479
20562	4265	973
20563		5652
20564	10483	21729
20565	10323	24705
20566	10815	26351
20567	10016	21635
20568	3655	1640
20569	8081	9001
20570		20743
20571	10329	21653
20572		21659
20573	10350	21679
20574	10352	21877
20575	10351	21681
20576	10325	21649
20577	10282	21407
20578		21373
20579		21737
20580	10356	21641
20581	10353	21707
20582		21797
20583	10357	23309
20584	10361	21773
20585	10359	21771
20587	10365	21821
20588	10366	21809
20590	10373	21843
20591	10372	21845
20592	9996	21033
20593	10046	21855
20594	10376	21881
20595	10384	21939
20596	10385	21995
20598	10391	22057
20599	10395	22101
20600	10386	20977
20601	10397	22117
20602	10399	22147
20603		22125
20604	10398	22123
20605	10401	22319
20606	10402	22145
20607	10400	22135
20608		21541
20609	10392	22097
20610	10403	22225
20611	10404	22189
20612	10406	23201
20613	10407	22199
20614	10415	22265
20615	10417	22273
20616	10419	22377
20617	10421	22359
20618	10426	22433
20619	10432	22547
20620	10578	22215
20621	10354	21835
20623	10272	22535
20624	10428	24417
20625	10528	23225
20626	9980	22043
20627	10438	22663
20628	11495	31433
20629	10439	22687
20630	10456	22689
20631	10441	25157
20632	10445	22729
20633		22071
20634	10475	22835
20635	10452	22777
20636	10374	21851
20638	10480	22865
20639	10462	22831
20640	10482	22819
20642	10442	22817
20643	11515	31452
20644	10318	21569
20645	10506	23079
20646	10509	25159
20647	10514	23133
20648	10517	23151
20649	10505	23037
20650	10198	23725
20651	10519	23153
20652	10523	23199
20653	10423	22381
20654	10603	23269
20655	10389	22099
20656	10530	23251
20657	10538	23277
20658	10531	23259
20659		23447
20660		22859
20661	10537	23283
20662	10292	21439
20663	9999	22877
20665	10539	23273
20666	10553	23327
20667	10550	23325
20668	10542	23289
20669	10717	22537
20670	10548	23317
20671	10551	23321
20672	10525	23209
20673	10234	20965
20674	10541	23285
20675	10562	23387
20676	10536	
20677	10554	23333
20678	10529	23233
20679		23341
20680	10569	28013
20681	10567	23423
20682		23427
20683	10563	23301
20684		20815
20685	10669	24469
20686	10453	22759
20687	10572	23227
20688	10526	23213
20689	10580	23551
20690	10430	23249
20691		23775
20692		23777
20693	10585	23587
20694	10587	23623
20695		23459
20696	10634	23499
20697	10566	22763
20698	10601	23847
20699	10444	22735
20700	10443	22733
20701	10589	23673
20702	10590	23555
20703	10593	23737
20704	10598	24133
20705	12324	33834
20706	10610	23433
20707		23943
20708	10609	23945
20709	10611	23987
20710	10619	24031
20711	10620	23421
20712	10622	24011
20713	10623	24075
20714	10698	24037
20715	10162	20649
20716	10584	23579
20717	10624	24135
20719	10639	24231
20720	10635	24211
20721	11020	29301
20722	10111	22789
20723	10643	24277
20724	10648	24261
20725	10662	24415
20726	10727	24699
20727	10663	24439
20728	10638	24227
20729	10657	24405
20730	10666	24459
20731	10665	24451
20732		24471
20733		23619
20734		20655
20735	10676	26349
20736		21473
20737		24543
20738		24365
20739	10681	24625
20740	10683	24627
20741	10688	24655
20742	10515	23135
20743	10555	23375
20744	10684	24629
20745	10691	24703
20746	10692	25429
20747	10693	24713
20748	10496	22955
20749	10631	24275
20750		23989
20751	10571	24701
20752		24687
20753	10278	23311
20754	10697	24765
20755	10702	24833
20756	10708	24835
20757	10709	24855
20758	10710	24873
20759		23703
20760	10405	21899
20761		24475
20762	10713	24893
20763		24919
20764		24921
20765		24821
20766	10720	24997
20767	10568	22961
20768		25015
20769		24991
20770	10725	25013
20771	10729	25099
20772	10588	23605
20773	10733	25183
20774	10736	25283
20775		25241
20776	9658	21575
20777		23237
20778	10742	25389
20779		23385
20780		24913
20781	10731	25143
20782		25045
20784	10440	22693
20785	10745	25397
20786	10636	22677
20787	10747	25431
20788	10748	25393
20789	10596	23755
20790	10749	25517
20791		25537
20792	10760	28701
20793	10751	26085
20795	10518	23229
20796	10759	25649
20798		24763
20799	10835	26055
20800	10750	25519
20801	10763	25681
20802		25687
20803		23735
20804	10672	24175
20805		25729
20806	10766	25731
20807	10768	30240
20808	10769	25755
20809	10744	24455
20810	10617	23991
20811		25781
20812	10779	25835
20813	10780	25839
20814	10782	25859
20815	10784	25867
20816	10785	25875
20817	10020	21743
20818	10714	24909
20819	10995	25879
20820	10795	25939
20821	3221	3763
20822	10798	25999
20823	10765	25689
20824	10803	26023
20826	10761	26123
20827	10811	26165
20828		24935
20829	10813	26243
20830	10592	23787
20832	10816	29803
20833	10820	26395
20834		22335
20835		25161
20836		23781
20838	10814	26453
20839	10818	26443
20840	10178	26441
20842	9987	19613
20843	10830	27441
20844	11491	27417
20845	10833	27525
20846		25861
20847		27419
20848	10841	27629
20849	10842	27631
20850	10875	27899
20851		25719
20853	10846	27655
20854	10847	27663
20855	10848	27687
20856	10564	23383
20857	6058	27723
20858	6057	27721
20859	10976	24169
20861	10739	25341
20862	10804	26057
20863		25647
20864	10829	26163
20865	10808	25503
20866		24695
20868	10855	27741
20869		27633
20870		27613
20871		25285
20872	10854	27775
20873	10857	27785
20875	10858	27783
20876	10859	27787
20877	10853	27727
20878	10370	21867
20879	10866	27831
20880	10867	27833
20881	10864	27829
20882	10917	25313
20883		27857
20884		25303
20885	10831	27519
20886	10836	24073
20887	10621	24071
20888	8927	22053
20889		27601
20892		23363
20893		25635
20894		23679
20895		21879
20896		23405
20897		24123
20898	10781	25873
20899		22137
20900	10626	24151
20901	10877	27911
20902		29165
20903	10928	28377
20904		27945
20905	10457	23067
20906	10882	27947
20907	10887	27957
20908	10886	27969
20909	10627	24171
20910	10888	29786
20911	10649	24127
20912	10889	27989
20913	10929	27991
20914	1421	1431
20915		22745
20916	10809	25437
20917	10783	25857
20918	10891	28025
20919	10540	23279
20920	10894	28121
20921	10869	27815
20922	10897	28155
20923	10901	28171
20924		28179
20925		27907
20926		24751
20927	10907	28205
20928	11056	28215
20929	10902	28207
20930	10904	28221
20931	10905	28223
20932	10932	28211
20935	10910	28249
20936	10680	24591
20937	11288	28257
20938		28105
20939	10591	22295
20940	10673	24531
20941	10368	21755
20942		24457
20943	10367	21781
20944	10913	28283
20945		25011
20946	10918	28297
20947	10896	28149
20948	10746	25365
20949	10879	27927
20950	10925	33037
20951	10931	28387
20952	10628	24781
20953	10936	28423
20954	10937	28851
20955	10938	28497
20956		28431
20957	10431	22849
20958	10944	25777
20959		28077
20960	10575	23441
20961	10909	28247
20962	10947	28607
20963		28675
20964	10948	28617
20965	10952	28625
20966	10955	28677
20968	10959	28725
20970	10773	25801
20972	10960	28735
20974	10935	28401
20975	11451	27949
20976	11452	27951
20978	10535	23293
20979	10965	28791
20981	10967	28805
20983	10969	28817
20984	10970	28819
20986	10971	28833
20987	10972	28825
20988	10974	28835
20989		28841
20990		28881
20991	10980	28883
20992	10981	28891
20993	10984	28927
20994	10982	28907
20995	10992	28979
20996	10993	28977
20997	10997	28999
20998	10999	29035
20999	10998	29017
21000	11002	29067
21001	10903	28669
21002	10800	27387
21003		27887
21004	11018	28869
21005	11008	29093
21006	11009	29095
21007	10919	28299
21008	10991	28957
21009	11011	29163
21010		29101
21011		25567
21013		25897
21014	10565	
21015	10599	23835
21017	10166	21041
21018	11028	29589
21019		21663
21020	11026	27737
21021	9149	21997
21022	9818	21999
21023	10522	23409
21024	11032	29687
21025	12682	29643
21027	11037	29715
21028	11064	29722
21031	11039	29758
21032		29756
21033	11048	29785
21034	11049	29787
21035		29825
21037	11058	29846
21038	11053	29854
21039	10892	28069
21040	10985	28929
21041		24973
21042	10576	25907
21043	11059	29893
21044	11066	29941
21045	11067	29976
21046	11068	29974
21047	10422	22503
21048	11007	29099
21049	11074	30015
21050	11073	30014
21051	11075	30016
21052	11072	30013
21053		30056
21054	10994	28981
21055	11080	30091
21056	11023	29325
21057	10824	27411
21058	11082	30123
21059	11081	30127
21061	10570	23439
21064	10914	28285
21065	11099	30144
21066	11104	30187
21068		30191
21069	11100	29513
21070	11101	29515
21071	11102	29511
21072	11103	29517
21075	11086	30137
21077		30206
21078	11110	30205
21079	10978	28861
21080	11112	
21085	11115	30230
21086	11122	30251
21087	11123	30276
21088	11124	30279
21091		26213
21092	11126	30296
21093	11130	30307
21094	11135	30344
21095	11133	30313
21096	11134	30346
21097	11054	29863
21098	11136	30321
21103	11184	30300
21104	11138	30347
21107		30419
21108	11139	30355
21110	11142	30363
21112	11147	30383
21113	11152	30384
21114	11154	30413
21115	11150	30382
21116	11148	30385
21118	11144	30375
21119	11151	30381
21120		29755
21121	10721	23083
21122	11163	30379
21123	11164	31339
21125		25439
21126	11166	30485
21127	11167	30484
21128	11170	30503
21129	10885	27967
21131	11177	30544
21132		30458
21134	11076	30030
21135		29829
21136		30567
21137	10941	28511
21138	11143	30370
21140	11186	30585
21154	10939	28495
21155		28063
21156	11172	30746
21157	11077	30039
21158	11155	30415
21170	11203	30654
21171	11201	30652
21175	11210	30694
21177	11209	31680
21178		30711
21179	11213	30705
21180	11221	30727
21181	11171	30512
21182	11218	30721
21183	11219	31865
21184	11223	30736
21185	11228	30324
21186		30709
21187	11226	30740
21188	11233	30749
21189	10949	28619
21190	10950	28621
21191	11247	30778
21192	11251	30782
21194	11252	30790
21196	10951	28623
21197	11253	30795
21200	11246	30777
21201	11255	30806
21202	11261	30831
21203	11259	30818
21204	11157	30437
21205	11260	30826
21207	11262	30845
21208		30641
21209		30464
21210	11264	30851
21212		30868
21213	11270	30895
21214	11276	30902
21218	11272	30901
21220	10961	28755
21221	11273	30911
21223	11283	30947
21224	11284	30948
21225	11173	30524
21226	11575	23897
21227	11576	23901
21228	11200	30651
21229	11198	30649
21230		31289
21231	11169	31050
21232	11289	31018
21234	11292	31043
21235		31051
21236	11291	31049
21237	11293	31044
21238	11321	31080
21239	11322	31848
21241	11318	31098
21242	11326	31109
21243	11323	31091
21244		30364
21246	11342	31143
21247	11000	29027
21248		31149
21249	11343	31147
21250	11344	31157
21251		31070
21252		30925
21253	10957	28713
21254	11071	30010
21255		31096
21256	11345	31163
21258	11348	31173
21260	11332	31178
21261	11347	31174
21262	11350	31181
21263	11158	
21264	11365	31223
21265	10963	28771
21266	10966	25805
21267	11354	31202
21268	11372	31251
21269	11366	31229
21270	11050	28853
21271	10319	21571
21274	11197	31280
21275	11453	31318
21276		30919
21277	11459	28537
21279		31326
21281	11468	31374
21283	11363	31221
21284	11469	31376
21285	11338	31139
21286	11367	31227
21287	11176	30549
21288	11238	30757
21289		30952
21290	11480	31404
21291	11481	31405
21292	11487	31414
21293	11488	31417
21294	11161	30455
21295	11489	31418
21296	11376	31245
21297	11466	31370
21298	11492	31422
21299		30237
21300	11493	31430
21301		31440
21302	11498	31439
21303		28405
21304	11462	31168
21305		31138
21306	11500	31442
21311	11523	31478
21312		31324
21313	11524	31483
21314	11527	31486
21315	11532	31498
21316	11533	31500
21317		30953
21318		31389
21319	10934	28391
21320	11540	31519
21321	11543	32175
21322	11544	31537
21323	11341	29868
21324		29830
21325		31056
21326		31297
21327	11287	30991
21328		31234
21329	11547	31540
21330	11552	31559
21331		31552
21332	11553	31560
21334	11568	31564
21335	11529	31490
21336	11530	31491
21337		31244
21338	11121	30250
21339		31553
21340	11572	33003
21341	11577	31580
21342	11573	31573
21343	11578	31578
21344	11486	31410
21345	11485	31196
21346	11570	31562
21347	11550	31549
21348		35806
21349	11580	31588
21352	11546	31539
21353	11567	31555
21354	11569	31566
21355	11370	31240
21356	11585	31592
21357	11591	31610
21359	11595	31621
21360	11598	31630
21361	11597	31629
21362	11234	31338
21363	11599	31631
21364	11602	31637
21365	11601	31636
21366	11606	31646
21367	11614	31640
21368		31829
21376		31665
21377	11966	31658
21378	11638	31845
21379	11639	31706
21380	11266	31710
21381		31683
21382	11643	31716
21383		31530
21384		31715
21385	12047	31722
21386	11637	31704
21387		31283
21388	11257	30679
21389		31121
21390	11673	31737
21391	11670	31738
21392	11174	30531
21393	11464	31362
21394	11672	31741
21395	11282	30923
21396	11278	30920
21397	11279	30921
21398	11281	30922
21399		31757
21400		31758
21403	11681	31765
21404	11680	31763
21405		31521
21406	11683	31771
21407	11689	31783
21408	11684	31747
21409	11682	31762
21410	11679	31764
21411	11036	22249
21412	11211	30695
21413		31736
21414		31754
21415		31368
21416		31772
21417	11690	31790
21418	11678	31753
21421	11692	31798
21422	11691	31793
21423	11694	31804
21424	11699	31821
21425	11696	31812
21426	11790	28539
21427	11628	31670
21428	11712	31859
21429	11715	31861
21430	10060	
21431	11726	31867
21432	11607	31645
21433		31426
21434		26359
21435	11792	31815
21436		31669
21437		31668
21438		31608
21439	10962	32171
21440	11721	31890
21441	11720	31883
21442	11286	30988
21444	11725	31914
21445	11724	31904
21446	11728	30291
21447		31923
21448	11723	31903
21449	11730	31927
21450	11734	31933
21451	11731	31931
21452	11762	32032
21453	11294	31055
21454	11729	31919
21455	11736	31953
21456	11737	
21457	11735	31952
21458	11740	31973
21459	11739	31964
21460	11746	31988
21461	11745	34449
21462	11665	31733
21464	11709	31853
21465		31909
21467		24727
21468		31298
21469	11713	31866
21470	11753	32005
21471	11761	32023
21472	11756	32013
21473	11748	31994
21474	11754	32011
21476	11763	32038
21477	11764	32039
21482	11780	32083
21483		30714
21485		32051
21486	3297	5132
21487	11758	32015
21489	11890	30365
21490	11743	31980
21491		31827
21492		31797
21493	11385	31156
21494	11418	20855
21495	11783	32093
21496	11778	32071
21497	11784	32094
21498	11782	32086
21499	11785	32105
21500		32108
21501		32122
21502	11600	31633
21504	11797	32160
21505		30869
21506	11794	31884
21507	11803	32182
21508		32151
21509	11804	32189
21510		32026
21511	11815	32214
21512	11810	32212
21513		32228
21516	11819	32245
21517	11822	32262
21518	11828	32282
21519	11829	32281
21520	11827	32268
21528	11826	32274
21530	11825	32400
21534	11831	32301
21540	11836	32313
21544	11835	32309
21552	11843	32353
21553	11834	34754
21554		29831
21555	11204	32271
21557	11846	32360
21558	11848	32370
21560	11851	32379
21563	11857	32407
21564		32174
21565	11805	32485
21566	11862	
21567	11863	32438
21568	11864	32447
21569	12330	33839
21570	11865	32454
21571	11861	32402
21572	11786	32107
21573	11844	32215
21574	11854	32380
21577	11874	32491
21578	11875	32494
21579		32365
21584	11878	32526
21585	12689	32547
21586	11809	31378
21587	11395	28789
21588	11850	32366
21589		32376
21590		5298
21591		32383
21592		32410
21593		20613
21595	11881	32542
21596		32551
21597	11883	32555
21598	11781	32084
21599		32561
21600	11888	32572
21601	11887	32571
21602	11886	32568
21603	11891	32582
21604	10722	24985
21608	11893	32595
21609	11899	32601
21610	11901	32603
21611	11902	32608
21612	11903	32606
21613	11905	32615
21624		32188
21626	11908	32648
21627	11904	32607
21629	11915	32668
21630	3137	23865
21631	11918	32673
21635	11916	32670
21636	11921	32682
21637	11920	32681
21638	11747	31989
21639	11922	32686
21640	11889	32574
21641	11925	32697
21642	10849	27709
21643	11924	32696
21644	11927	32772
21645	11928	33788
21646	10953	28479
21647	11938	32729
21648	11934	32717
21650	11926	32698
21651	11842	31231
21652	11960	32785
21654	9354	38957
21655	11945	32805
21657	11820	32287
21658	11977	32792
21659	11952	32828
21660	11941	32801
21661	12307	33775
21662	11840	32936
21664	11946	32802
21665	11950	32827
21666	11951	32829
21672	11955	32836
21673	11959	32843
21674	11594	31598
21676	11974	32887
21677	11970	32878
21678	15475	32863
21679	11965	32867
21680	11969	32876
21681		30870
21682	11971	32881
21683	12093	33218
21684	11980	32900
21685	11981	32901
21686	11979	32899
21687		21195
21688	11982	32902
21691	11664	31327
21694	11983	32906
21695		32915
21696	11985	32924
21697	11526	31485
21698	11991	32935
21699	11992	32937
21700	11995	32951
21701	11998	32949
21702	11996	32947
21703	11997	32948
21704	11910	32664
21705	11592	32950
21706	11993	32944
21707	12003	32961
21708	12004	32962
21709	12012	32995
21710	12009	32983
21711	12014	32998
21712	12020	33012
21713	12019	32483
21714	12007	32979
21715	12040	33031
21717	12046	33047
21718		33049
21719		33050
21721		32954
21722	11989	32934
21724	12067	30417
21725	12068	33002
21726	12002	32977
21727		32956
21728	12053	33080
21729	12054	33082
21730	12051	33064
21731	12008	32981
21732	12085	33091
21733	12062	33095
21734	12049	33056
21736	11799	32190
21737		32993
21738	12018	34834
21739	12310	33776
21740	12043	33041
21741	12031	33023
21742	12027	33018
21743	12025	33021
21744	12030	33019
21745	13033	35247
21746	12023	33010
21747	12065	33113
21748	13258	35842
21749	12048	33051
21750	12033	33025
21751	12044	33046
21752		33024
21753	12037	33034
21755	12032	33026
21756	12034	33027
21757	12041	33036
21759	12039	33033
21760	12021	33011
21761	12016	32999
21764	12059	33094
21765		31918
21766	12045	33048
21767		23057
21768	12074	33154
21769	12077	33161
21770		33185
21771	12058	33190
21772	12087	33197
21773	12088	33203
21774		33201
21775	12079	33181
21776	12091	33206
21777		33075
21778	13812	33191
21779	12070	33130
21780		33142
21781	12083	33188
21782	12095	33222
21783	12090	33205
21784		33118
21786		33157
21787	12080	33184
21788	12089	33204
21789		33173
21790		33129
21791	12442	33071
21792	12063	33103
21793	12094	33219
21794		33087
21795	12102	33241
21796	12103	33240
21797	12106	33245
21798		33248
21799	12111	33253
21800		33004
21802	12105	33244
21803	12116	33263
21804	12112	33255
21806	12129	33302
21807	12110	30196
21808	12109	33247
21809	14818	27521
21810	15083	33290
21811		33276
21812	12117	33274
21813	12118	33280
21814	12123	30533
21815	12121	33286
21817	12113	33254
21818	11894	32323
21820	12132	33314
21821	11839	32321
21822		33074
21823	12136	33337
21824	12137	33341
21825	12035	33028
21826	11309	29980
21827	12138	33352
21829	12142	33363
21830	12148	33371
21831		33338
21832	12150	33377
21833		33378
21834	10890	27997
21835	12158	33394
21836	12197	33417
21837	12192	33392
21838	12201	33433
21839	12198	33419
21840	12200	33421
21842	12223	33447
21843	11473	33391
21844	12153	33388
21845	12155	33389
21846	12156	33390
21847	12224	33454
21848	12199	33434
21849	11852	32382
21850	12125	33299
21851	12230	33475
21852		31711
21853		31380
21854	12226	33462
21855	12227	33478
21856	12233	33486
21857	12234	33487
21858	12235	33489
21859	12237	33490
21860	12238	33502
21861	12240	33506
21862		33524
21863		23099
21864	12244	
21865	12253	33532
21871	12264	33589
21872	12261	33572
21873	12273	33668
21874	12263	33581
21875	12276	33674
21876	12280	33690
21877	11119	30133
21878	12290	33731
21879	12292	33733
21880		33606
21881		30842
21882	10986	28963
21883		24839
21884	10396	22757
21885	11165	30473
21886	12301	33746
21887	12300	33743
21890	12254	33541
21891		33569
21892	12317	33795
21893	12098	33221
21894	12318	33797
21895	12319	33803
21896	12321	33811
21897	12322	33814
21898	12323	33820
87435	12262	33573
87438	11353	31201
87458		33783
87475	10812	26183
87476	12394	34077
87477	12289	33727
87478	11909	32663
87479	12326	33835
87480	12283	33712
87481		33685
87482		33686
87483		33687
87484	12320	33808
87485		33618
87486		33929
87487	12298	33741
87488		33456
87489	12147	33372
87494	12266	33654
87495	12339	33899
87496	12057	33089
87497	12336	
87498	12287	33726
87499	12284	33724
87500	12329	33840
87501	12258	33566
87502	12296	33737
87504	12337	33889
87505		33728
87506		33729
87507		33730
87516	12348	33946
87517	12349	33948
87518	12347	33933
87526	12350	33949
87527		21305
87528	12351	33950
87530	12042	33045
87533	12130	33308
87538		33491
87539	12359	34549
97589	12366	33975
97590	12369	33983
97591	12372	33985
97592	12374	33988
97593		23063
97594		23065
97595		23053
97604	12362	33966
97605	12363	34961
97607	12381	34008
97608	12387	34013
97609	12308	33771
97610		30292
97616	12384	34009
97617	12385	34012
97618	12400	34028
97619	12398	34021
97625	12395	34019
97631	12403	34032
97634	12407	34034
97635	12409	34514
97636	12411	34051
97637		34277
97638	12410	34052
97642	12417	34076
97643	12414	34055
97645	12256	34086
97660	12422	34102
97663	12425	34104
97665	12429	34126
97667	12428	34125
97668	12430	34134
97669	12431	34136
97670	12426	34106
97672	12424	34103
97673	12433	34148
97674	12434	34151
97682	12450	34176
97683	12451	34177
97707	12460	34208
97709	12714	34223
97715	12465	34222
97716	12462	34213
97730	12327	33836
97731	12482	34240
97734		34299
97735	11869	32461
97745	12418	34088
97756		33339
97757	12420	34100
97765	12483	34257
97766	12494	34280
97767	12498	34281
97768	12496	34279
97769	12500	34445
97776	12502	34289
97815	12519	34321
97818	12506	34295
97819	12331	31402
97820	12141	33362
97821	12526	34350
97832	12545	34382
97833	12546	34383
97853	12549	34391
97855	12542	34368
97856	12543	34394
97857	12550	34392
97858		34374
97859		34375
97860		34376
97861	10577	23539
97862	12553	34402
97863	12554	34403
97873	12562	34420
97874	12563	34427
97875	12558	34414
97876	12557	34411
97880	12566	34437
97881	12140	33354
97886	12571	34451
97887	12572	34456
97888	12569	34443
97889	12419	34096
97890	12575	34467
97891	12574	34465
97903	12602	34494
97904	12578	34474
97907	12603	34497
97908	12605	34498
97909	12608	34501
97910	12621	34513
97915	12472	34238
97916	12473	34239
97917	12647	34537
97918	12654	34544
97919	12648	34539
97920	12645	34535
97921	12652	34543
97922	12653	34542
97932	12485	34262
97933	12625	34522
97936		34447
97937	12658	34552
97938	12661	34566
97939	12660	34565
97940	12665	34572
97947	11055	29865
97951		33164
97952		33806
97953	12092	33213
97954	11760	32010
97955		30739
97956	13933	33042
97958	12082	33192
97959		32467
97962		33902
97963		29850
97965	11788	30358
97966	13396	32946
97967	12516	34324
97968	11677	31777
97969		34283
97977	12367	33980
97978	11433	28085
97979	12673	34580
97980	12657	34561
97981	12649	34541
97983	12675	34591
97984	12651	34547
97985	12548	34389
97986	12681	34599
97988	12685	36480
97989	14382	34532
97994	12694	34618
97995	12693	34620
97996	13317	34626
98004	11596	33697
98005	12700	34636
98031	12656	33605
98033		33323
98034	12691	34612
98035	12704	34662
98045	11953	32830
98051	12514	34309
98056		34649
98059	12503	34290
98060		34481
98069	12703	34670
98073	12523	34338
98077	12721	34741
98085	12674	34589
98089		32959
98090	12617	34503
98091	11593	31618
98092	12270	33661
98093	12517	34314
98094		33546
98095		34475
98096		34661
98104	12709	34675
98105	12573	34464
98106		25117
98107	12737	34787
98108	12731	34771
98129	7089	33232
98133	10211	21065
98134		33326
98135		28665
98136		21333
98137	11949	30886
98141		30912
98143	11917	
98144	12723	34745
98149	12746	34800
98153	12436	34152
98186		34742
98202	12761	34822
98205	12762	34825
98206	12763	34830
98207	10771	25915
98208	12539	31476
98209		34644
98217	12781	34839
98220		34812
98222	12564	34430
98223	11149	30386
98224	12789	34852
98225	11027	24347
98228	12745	34799
98229	12766	34836
98231	12659	34866
98238	12551	34393
98239	12655	34550
98240	12618	34504
98249	12738	34792
98251	12803	34881
98252	12804	34888
98289	12809	34901
98290	12805	34891
98291	12814	34902
98292	12819	34914
98297	11180	32596
98298	12646	34540
98310	12820	34915
98314	12834	34933
98319	12836	34941
98320	12835	34934
98332	12821	32806
98338		34204
98344	12036	33035
98349	12897	34973
98378	12818	34905
98379	12889	34966
98383	12904	34979
98384	12837	34944
98385	12906	34984
98389	12888	34964
98402		34962
98420	12900	34978
98421	12825	34927
98425	12921	35015
98436	12942	35062
98437	12952	35073
98438	12954	35075
98439	12957	35078
98441	12912	35004
98442	12947	35069
98443	12956	35076
98444	12743	34798
98448	12959	35079
98449	12712	34712
98450	6059	23829
98451	12807	34893
98452		35086
98460	12986	35120
98465	12981	35112
98467	12755	34817
98468	12987	35131
98469		35134
98470		35135
98471		35136
98472	12983	35113
98473	12686	34607
98474	12989	35156
98475	12985	35114
98476	12808	63997
98477	12739	36397
98478	12994	35180
98479	12995	35183
98491	13004	35203
98495		33845
98496		35191
98497	12996	35198
98501	13017	35220
98502		35145
98503	13023	35222
98504	13019	35224
98505	13031	35240
98506	13030	35241
98507		35202
98511	12991	35159
98512	12576	35248
98513	13035	35250
98514	13034	35249
98515	13037	35252
98516	12757	34820
98517	12716	34725
98518	13024	35230
98519	12637	34525
98520	12790	34863
98521	13039	35254
98524		34855
98525		34784
98526	12815	34903
98529	13053	35298
98536		33818
98546	13069	35334
98547		33208
98548		35522
98549	13067	35330
98552	10685	18205
98553	13071	35332
98554	13060	35320
98556		35346
98565	12944	35067
98566	13099	35370
98567	11456	21607
98568	11457	21591
98572	13106	35376
98573	13040	35255
98574	13068	35333
98575	14380	35044
98576	13057	35315
98577	13070	35335
98578	12756	34818
98579	13090	35286
98580		35363
98582		34349
98586	13054	35302
98595	12382	34006
98596	11352	35413
98599	12993	35182
98603	13036	35251
98604	12644	34036
98607	13114	35427
98611	13026	35234
98615	13025	35235
98621		35418
98622		35417
98628	13027	35233
98629		34642
98630	11516	31456
98631	13117	35434
98632	13119	35443
98635	13123	35466
98638	13029	35239
98642	12022	33013
98655	13145	35480
98656	13151	58707
98657	13147	35484
98658	13152	35503
98659	13153	35507
98662		33519
98663		33520
98693	13160	35540
98697		35347
98702		34480
98703		22673
98704		30311
98707	13165	35557
98715	12524	34337
98739	13155	35510
98744	10843	27653
98745	10832	27503
98746	12269	33183
98747	13172	35589
98751	13050	35303
98752	12831	34928
98759		32816
98760		32817
98761		34614
98762	13176	35608
98763	11320	30875
98764	12061	33099
98765	13048	35295
98772	12779	
98776	13175	35609
98778		34777
98779	13187	36990
98784	12884	34972
98785	12274	33669
98791		35465
98814		33069
98820	13199	35639
98833		34884
98843		35458
98846	13197	35635
98847		34870
98851		35416
98856	13056	35314
98860		33242
98861	12560	33926
98862	12778	29089
98863	13351	33969
98864	13474	29087
98866	13205	35672
98868	13206	35673
98872	12899	34975
98873	12439	34161
98874		34428
98875	12710	34683
98876	12962	35082
98878	13248	35237
98884		35110
98885		35111
98891	13006	35206
98893	10700	24819
98897		35285
98902		33914
98951	13217	35712
98959	13183	35624
98962	12895	29481
98963	10674	24817
98964	12128	32058
98965	12877	35406
98966		35448
98967	12875	35407
98968	13375	33885
98969	12873	35402
98976	13198	
98977	13038	36220
98978	13219	35714
98997		34734
98998	13016	35219
98999	12683	34604
99000	12461	34209
99001	11676	31749
99002	12508	33934
99031	5377	30916
99054		34733
99055	13224	35730
99059	12452	34178
99083	13227	35739
99084	13228	35740
99085	12275	33672
99088	13225	35737
99111	10600	23837
99112	12555	34409
99131	13238	35756
99147	13241	35760
99148	13237	35757
99152	12915	35006
99153	12104	32953
99164	11645	31780
99165		20877
99196		35424
99197		35425
99200	13171	34300
99208	11521	23877
99210	12678	30077
99211	11302	29411
99212		29587
99213	11519	29777
99214	12268	32932
99215		31111
99216		29995
99217	11330	31102
99230	13528	35777
99255	13244	35788
99263	13246	35790
99281		30100
99302		36215
99361		22785
99363		34534
99366	13250	35821
99390	13252	35828
99391	13249	35818
99394		35823
99412	13255	35834
99413	13254	35835
99420	13256	35838
99423	13259	35849
99424	13260	35847
99425	13261	35848
99426	13257	35839
99431		27539
99457	13262	35851
99468	13270	35860
99470	13273	35868
99476	13245	35789
99478	13488	36418
99480	11849	28381
99483	13276	35889
99507	13281	35905
99527	12922	32152
99528	11935	32566
99530	11514	22049
99531	13283	35928
99534		35963
99539	11646	34577
99540	13286	35946
99547	13288	35949
99548	13338	34602
99557	12441	
99568	13271	35231
99569	13291	35964
99578	13293	35968
99582		35909
99586	13296	35983
99608	13876	35932
99614	13301	35984
99624	13055	35313
99629	13307	35994
99634		36106
99636	13311	35999
99637	13300	35988
99638	13313	36001
99639	13312	36000
99642	12509	34302
99643		35778
99644		35800
99645		35809
99653	11972	33038
99654	13428	33562
99656	13352	33508
99657	11913	32691
99658	11295	29876
99659	15870	44062
99660	12824	31233
99661	13354	32543
99662	12663	32613
99663		34766
99672	13322	36009
99678		32191
99693	13331	36023
99698	13335	36027
99699	13337	36028
99704	14781	33357
99705	12946	30053
99706	13726	33801
99707	12358	33350
99708	11561	28673
99709	13353	30412
99710	12967	33309
99712	11796	30519
99713		27939
99714		35843
99715	10987	25549
99716	10988	23365
99717	2778	32247
99718		34999
99720	13309	35997
99725	13346	36039
99726	13345	36038
99727	13336	36029
99730	13239	35759
99731	13167	35567
99732	13162	35982
99733	13329	36022
99734	13355	36049
99741	13282	35923
99742	13274	35883
99748	13362	36094
99749	13295	35972
99750	13363	36098
99753	13376	36108
99788	12951	34940
99790	13380	36119
99796	13390	36144
99807	13299	40148
99839	13240	
99841		34623
99843	17293	33702
99845	15835	33761
99847	13442	36290
99856	13389	36135
99858	13429	36185
99883		31158
99884	14560	38413
99888	13401	36196
99893	13403	36204
99900	13405	41361
99916	13409	36214
99934	13005	35204
99935	14963	38917
99937	13292	35965
99938		33970
99939	12622	34658
99940	13385	36124
99945	13413	36228
99948	11391	28761
99950	11435	29943
99963	12333	33850
99966	13377	36107
99994	13421	36259
99995	14371	38262
100009	13426	36267
100010	13424	36266
100049	13430	
100050	13418	
100071		32886
100072		38177
100077	13434	36296
100083	13437	36309
100085	13439	36316
100093	13440	36317
100110	7327	21179
100112	13477	36407
100130	13479	36419
100133	13480	36431
100166	13485	36456
100168	13436	36308
100176		34615
100178	13491	35677
100179	13492	36470
100180		36468
100181		36466
100182	13493	36474
100183	13494	36475
100184	13361	36083
100185	13481	36432
100186	13495	36483
100211	14425	36492
100225		36500
100226	13417	36245
100227		34533
100240	13499	36511
100245	13500	36516
100246	13441	37268
100248	13475	36517
100251	13505	36525
100255	13294	35971
100256		36502
100262	13486	36246
100268	13512	36538
100269	13508	38897
100280	13510	36536
100282	13398	36166
100283		36275
100287	13431	36288
100289	11742	31978
100290	12478	34244
100291	10737	25383
100294	13469	36318
100295	13443	36440
100296	13588	36455
100297	13787	36291
100298	13517	36563
100305		36539
100306	13518	36565
100328		36339
100330	11968	32311
100332	13513	36548
100339	11634	31471
100341	12252	33531
100353	13527	36616
100356	14622	38292
100358	13211	35680
100359	13212	35681
100360	13213	35682
100361	13214	35683
100382	13534	36632
100388	13536	36649
100400	13529	36623
100401	13537	36652
100402	13538	36653
100408	13540	36655
100432	13498	36510
100451	13543	36688
100465	13546	36702
100469		35814
100483	13552	36726
100484	13793	
100500	13564	36754
100502		34751
100517	13566	36771
100518	13515	36560
100519		36485
100522	12257	33564
100523	13580	36792
100526	13581	36793
100527	13582	36797
100532	13583	36800
100533	11563	29377
100537	12797	36803
100556	13589	36817
100561		36816
100562	13539	36654
100569	13592	36828
100570	13591	36827
100620	13507	36531
100643	13612	36862
100644	13599	36847
100645	13613	36864
100652		35228
100653	13605	35798
100654	13607	36856
100655	13606	36857
100656	13611	36861
100657	13586	36815
100658		32888
100661	13526	36593
100663	13618	36871
100665	13619	36873
100666	13620	36875
100668	13624	36882
100673	13625	36884
100675	13626	36885
100684		36043
100714	13637	36906
100715	10770	36902
100716	13516	35773
100717	13994	30903
100718	14016	35752
100719		35118
100720		37000
100721	13334	35072
100722	13533	36633
100723	13633	36896
100727	13502	36513
100728	13643	36915
100729	13644	36914
100744	13649	36927
100745	13655	36934
100749	13174	36936
100762	13656	36943
100767	11733	31941
100768		33994
100773	13658	36949
100780		36369
100784		36838
100785	13497	37023
100790	13203	35656
100791	13728	34284
100811	13634	36848
100812	13609	36164
100813	13503	36522
100814	13676	36976
100815		36999
100849	13412	36982
100852	13704	37029
100855	13705	37033
100871	13559	36728
100873	13573	36784
100876	13718	37086
100878	13717	37055
100891	11216	36903
100893	12474	32133
100910	13514	36552
100912		37272
100922	13734	37105
100931	10220	21027
100957	13266	35857
100965	13703	37027
100966	13740	37126
100977	13743	37141
100978	13742	37140
100979		35720
100980		35472
100981		35473
100983	10193	20873
100990	13695	37007
101001	13750	37171
101002	13753	37188
101004	13757	37210
101013	13756	37206
101014	13760	37221
101016		36992
101017	13694	37002
101024	13767	37202
101034	13697	36156
101036	13774	37245
101037	13751	37174
101042	13781	37258
101043	13755	37204
101044	13779	37254
101045	13783	37259
101046	13706	37036
101077	13685	36996
101078	13400	36197
101080	11472	31387
101083		37087
101084		36521
101085	14195	36515
101086	11617	31634
101087	11671	31686
101089	13778	37246
101090	11793	32153
101091		25495
101092	12423	34085
101094		30155
101095	13748	33883
101097	13752	37178
101098		36497
101099		35770
101100		36833
101101	13688	36995
101102	12245	33513
101103	13737	36775
101104		36692
101115	13791	37283
101116	16405	36136
101117	13548	36704
101123	13795	37302
101125	13768	37232
101126	13360	36077
101132	13766	37175
101157		48920
101161	13813	37338
101165	13831	37349
101166	13830	37348
101167	13829	37347
101168	13826	37345
101169	14543	36963
101178	494	2453
101179	10250	16564
101180		20463
101181	9958	20705
101183		37082
101184		36064
101206		37341
101213	13840	37377
101215	13841	37379
101216	12241	37346
101227	13844	37393
101228	13845	37395
101231	13846	37396
101239	13848	37403
101248	11470	31377
101249	13853	37407
101261	13869	37426
101267	13859	37422
101277	13875	37433
101278	13749	37169
101279	13809	37325
101280	13871	37430
101281	13893	37435
101283	13899	37451
101289	13896	37446
101290	13790	37280
101291	13900	37450
101292	13904	37458
101302	13657	36946
101309	13913	37481
101310	13911	37475
101313	13918	37490
101316	13925	37497
101317	13924	37498
101318	13923	37496
101336	13898	37447
101337	13934	37509
101338	13939	37510
101339	12919	34776
101340	13916	37487
101342		29944
101343		37514
101344		37515
101345	13943	37516
101347	13946	37520
101348	13945	37521
101349	13948	37525
101350	13947	37522
101351	13944	37517
101354	13855	37467
101359	13952	37555
101360	13956	37561
101361	13959	37569
101367	13964	37576
101368	13965	37578
101369		36556
101370	13608	36858
101371	13966	37579
101372	13975	37586
101373	13971	37584
101379	13839	37374
101380	13960	37571
101381	13979	37597
101382	13978	37598
101384	13958	37601
101385	13984	37611
101386	13989	37614
101409	13466	31838
101410	13950	37078
101411	13953	37559
101424	13733	37096
101425	13914	37484
101426	13991	37621
101429	6639	33187
101430	11358	28951
101431		20999
101432		37095
101435	13995	37646
101470	14001	37657
101471	14000	37655
101474	14008	37675
101478	14011	37682
101497	13833	36991
101498	13838	37368
101499	14017	37704
101500	13890	37438
101501	14024	37711
101505	14025	37716
101506	14026	37722
101523	13837	37369
101524	9004	23909
101525	9285	37735
101546		36529
101547	14038	37744
101550	14674	37886
101554	14042	37764
101555	13807	37324
101571	13636	36904
101573	14053	37786
101574	14061	37804
101575	12204	32233
101579	13955	37560
101580	14002	37662
101581	13659	36950
101594	13635	37476
101595		37807
101596	14049	37778
101597	14063	37806
101609	14068	37823
101610	14071	37828
101631	14044	37769
101632	14077	37873
101633	14075	37869
101634	14076	37870
101635	13666	
101695	14219	37364
101696		37109
101697	13744	37151
101705	14091	37914
101743	14088	37893
101744	14093	
101759	14051	37779
101773	14094	37920
101775		37589
101776	13399	36191
101777	15209	37406
101789	14673	38556
101811		34438
101812		34439
101813		34440
101814	14105	37952
101815		37387
101816		29583
101817		31035
101819		22419
101830		37884
101843	13447	36184
101844	14098	37924
101874	12732	34048
101875		37910
101876	13444	36544
101877	14210	36790
101878	14224	36791
101879	14225	37894
101880	14226	37895
101881	14227	37896
101882	10618	24019
101903	14109	37965
101904		33449
101905	14586	34595
101906	14301	29427
101907	14867	36428
101908	13926	37501
101910		36404
101911	11789	32248
101912		34802
101913	13410	36194
101914	11560	29772
101915	12467	37760
101916	13191	35626
101917	13868	37164
101918		37902
101919	14029	37564
101920	13789	37150
101921	14111	37999
101922	14107	38000
101923	11647	31310
101924		36962
101925	13917	37491
101926	14108	38021
101928		24029
101930	14113	37998
101965		36439
101966	13647	37293
101967	11579	29551
101968	7173	34969
101969	6830	27573
101970	13698	37021
101971	14062	37736
101972	14162	37208
101973	14663	37618
101974	10073	20713
101975	11710	21081
101976		23367
101985	13811	37328
101992	13207	35678
101996	12390	34016
101999		35658
102000		30825
102001		33681
102002	13802	37643
102003	14099	37887
102004	14191	37641
102005	14030	37739
102006		21451
102007	10743	25375
102009	10881	27793
102010	11214	30663
102031		37530
102032	4784	22345
102033		28593
102034		32294
102035		33755
102036		21075
102037	11431	28991
102038	11140	30193
102051		36155
102053	13089	29291
102054	13627	37737
102055	13653	37928
102057	13654	39720
102058	11467	31373
102059	14045	37180
102060	14466	37179
102062	12191	32751
102063	11248	30771
102064	14103	37940
102065	11392	29978
102066	11390	31135
102072	12101	29946
102073		33144
102074		30394
102075	11625	31586
102076		22157
102077		30499
102090	14047	37773
102091	10651	24363
102092	8001	27437
102093		32869
102094	13865	29505
102095		34655
102096	10279	23023
102097	11616	31641
102098		32415
102099	11378	28989
102100	11931	29605
102101	12127	32059
102102	12702	34625
102103	11750	30751
102151	11178	30095
102152	13078	32779
102153	14050	33758
102155	14379	36910
102156		34129
102157	11502	31259
102158	13364	30214
102159	12747	32534
102160	12471	33534
102161		33536
102162		33537
102163	9441	24051
102164	14775	37186
102165	13467	37184
102166	13468	37185
102167		35382
102168		33659
102233	13815	32890
102234	13814	32889
102235	12930	31873
102236	13664	31427
102237	11411	31299
102238		30335
102239		24995
102288	14090	
102290		21509
102291	10333	
102292	13084	35119
102293		34611
102294	11230	30096
102295	11296	30097
102296	11297	30098
102297	11298	30099
102298	8246	30058
102299	10390	25641
102300		30400
102301	13577	30534
102302		24201
102303	13132	32847
102304	13149	35432
102305		32826
102306		36072
102309		37703
102314		36489
102315	11948	30967
102316	13722	36644
102337		25943
102346		37303
102347		37304
102348		37305
102349		37306
102350		37307
102351	14059	37799
102352	14086	37885
102353		37897
102355	11667	30247
102357		29956
102358		37853
102359	11520	29957
102360		29979
102361	12643	29455
102362		29123
102363	11355	22179
102365	12449	27463
102366	15196	27467
102367	13928	27465
102368		27453
102369		27461
102370		36530
102371		27459
102372		27457
102373		27455
102374		27451
102375	13066	33907
102376	16731	34724
102377	13935	34422
102378	12579	34406
102379	14057	34118
102380	12352	33958
102381	18425	33760
102382		36074
102383	13719	36843
102384	10188	21129
102385	13735	37106
102386	12787	30424
102387	11310	22161
102388	11311	30668
102389	11312	22169
102390		22167
102391	11356	22165
102392	11978	29623
102393	14366	29679
102394		37316
102395		33718
102396		35913
102397	13189	35912
102398		37384
102399		37784
102400	14028	37740
102401		33713
102402	13883	32747
102403	13882	32745
102404	11096	28685
102405	6850	23265
102406		25991
102416	10143	20707
102425	15526	42632
102427	13347	36040
102428		21701
102429		33709
102431	12311	
102432	13820	37152
102434		37552
102435	12532	31116
102436	13901	37449
102438	11357	29988
102439		29984
102440	10093	20725
102441	13836	37365
102443		32854
102444		32853
102445	13044	32852
102446	13772	37209
102447	13942	37291
102448		34631
102449		37504
102450		36629
102451	14222	33281
102452	13906	36173
102453	14021	24823
102454		37775
102455		37930
102456	11632	31510
102457		37776
102458		37867
102459		37947
102460	6562	24603
102461		25981
102462		36561
102463	13851	37176
102464	13721	36491
102465		36621
102466		32756
102467	11406	28831
102468	11424	30078
102469		23483
102470	14020	24429
102471	10349	21495
102472		35979
102473	13092	35379
102482	11841	32338
102483		31967
102484	11423	31300
102485		30445
102486		25533
102487		36181
102488		33236
102489	13372	30213
102498	14136	37994
102500	14328	30814
102501	14037	27811
102502	11217	30665
102503		32625
102504	14031	34318
102505		33997
102506		30666
102507	11859	32468
102508		32409
102509	10614	21163
102510	13954	37563
102511	13974	37661
102512		37720
102513	11239	30766
102514		30065
102515		30341
102516		30340
102518		30339
102519	11444	30337
102520		30336
102521	12589	30167
102522	12929	30169
102523		34929
102525	11984	31454
102526	11412	28245
102528		36745
102550		37527
102551		37352
102552	13446	37642
102553	13445	33759
102554	13796	30907
102555	11711	31972
102556	14654	33756
102557	13325	28251
102558	13042	33305
102559	16330	37938
102560	13323	35650
102561	12206	33396
102562	12504	33925
102563	14668	34907
102564	12910	34716
102565	12911	34721
102566	14667	34719
102567	14457	34720
102568		36672
102569		36716
102570	13801	36762
102571	14078	36160
102572		28227
102573	13570	36777
102574		35706
102575	13732	36148
102576	13922	37294
102577		36097
102578		36099
102579		36086
102580	13371	29904
102581	10141	21861
102582	12228	23871
102594	11439	30328
102595		37683
102596		36799
102597	12288	32894
102598		31499
102599		33209
102600		33446
102601		36823
102602		36545
102603		36824
102604	14126	37968
102605	10283	21103
102607	13315	23043
102608		23361
102609		23369
102610	11700	31830
102611		29778
102612		32749
102614	13339	33312
102615	12684	20913
102616	13368	30212
102617		25113
102618	14983	32700
102619		26189
102620	11434	29707
102621	14010	30913
102622		37247
102623	11307	29615
102624	11314	29617
102625	11313	29619
102626	13344	29989
102627	6945	30045
102628	11744	30537
102630		30667
102631	14506	36951
102633		22159
102634		22163
102635	13408	21089
102636	10235	21107
102637	6849	23267
102638		34418
102639		20871
102643	4364	33465
102644	12225	33493
102645	13800	33757
102646	13938	33734
102647		35625
102648		35554
102649		37440
102650		37404
102651		37370
102652	11410	31144
102653		36169
102654	13134	32850
102655		25291
102656	15960	37777
102657	14304	27825
102658	14577	31678
102659	12788	28715
102660	11237	28687
102661	13569	20945
102662		31977
102663	14829	33443
102664		36588
102665	17228	30334
102666	11438	30332
102667		30331
102668		30330
102669		30329
102670		30327
102671		30326
102672	11870	30289
102673		22255
102674	12846	
102675	12845	
102676	12999	29955
102677		36451
102678	14704	33630
102679	13712	37149
102680	14156	37993
102681	10605	23903
102682	11427	28657
102683		38870
102684		22175
102685		22173
102686		22171
102687	11098	33777
102688	15859	33764
102689	16683	33703
102690	12544	33710
102691	11384	25461
102692	11399	29902
102693		31269
102694		30859
102695		35935
102696	14541	35956
102697	9894	31205
102698		36183
102699		36182
102700		36584
102701		36582
102702		36580
102703	12772	23029
102704		36822
102705		30669
102706		30559
102707	11504	31309
102708	11877	30955
102709	11513	30909
102710		29952
102711	11562	29954
102712	10207	20951
102713	13509	32933
102714	12402	34252
102715	11361	28639
102716		23487
102718		39314
102719		39313
102720		33909
102721		33689
102722		33910
102723		34489
102724		33859
102725	14852	33283
102734	14006	36494
102743		36600
102755	13758	36789
102756	11512	20929
102758	12969	21055
102759	14666	22841
102761		25103
102762	11331	28993
102763		30088
102764	12060	32139
102765	13562	32230
102766	14434	32150
102767	11703	31831
102768	11702	31832
102769	11701	31833
102770	11716	31834
102771		31926
102772		31925
102773		32219
102774	12719	32167
102775	12195	33266
102776	12196	33271
102777	14502	36571
102778		34500
102779		33279
102780		33272
102782		36361
102783		37538
102784		34116
102785	13298	34060
102786	13878	34117
102787	13877	36104
102789		34121
102790		34120
102791		37606
102792		37604
102793		37605
102794	12583	24903
102800	12458	34205
102801	11285	30954
102821		36608
102822	13341	36037
102823		36918
102824		36919
102825		36920
102826		36921
102827		36922
102828	14022	37507
102832	14124	37997
102835	13891	37436
102836		32870
102839		32871
102859		36725
102860	13843	37388
102875	13629	36945
102882	14165	37956
102883	14173	37991
102891	14167	38015
102910	12073	34925
102911	8851	22523
102912	12075	34926
102924	12488	
102925	14054	37787
102926	14100	37926
102927	13739	37117
102928	12522	34332
102929	13316	
102931		36096
102932		36069
102933	14424	37814
102934	15032	55978
102935	8252	10349
102937		28897
102938		33526
102939	14172	37964
102940	12607	34502
102941	13631	36894
102942		37553
102943		35534
102944		37723
102945		37639
102946		37045
102949	14177	37958
102969		37959
102973	14524	37207
102974	14182	37990
102976	13310	38040
102977	14185	37989
102978	14187	37988
102979		37866
102981		29833
102982		25971
102983		27405
102984		36101
102985	13765	33706
102986	10322	25963
102987	11393	30234
102997	14978	37932
102998		28775
103000	14174	37992
103001	14012	37684
103002	10436	39018
103003	11097	30865
103004	11566	29501
103007	14159	38689
103008	14161	41078
103009		28959
103010		34122
103011		37602
103012		37603
103013		37334
103015		32384
103016		32644
103017	9683	39872
103019		49124
103020	13623	
103021	10121	37923
103022	14314	37044
103023	14315	37181
103047	14013	37987
103048	14192	38009
103049	14193	37975
103050	14158	37969
103071		42003
103110	14202	37962
103118	14204	38006
103119	14203	38005
103123		24527
103125	13397	23615
103130	13596	36722
103138		62429
103139	14213	37982
103140	11029	29597
103154		31583
103159	11651	31700
103160		30268
103161	13470	33704
103162	13471	36345
103163		29780
103164	16680	30267
103166		29800
103167		30080
103168		29972
103169		32748
103173		55533
103174		48312
103176	3188	29961
103177		34699
103179	7004	29555
103181	13531	36626
103209		37781
103221	14221	37981
103222	14229	37979
103223	14230	38003
103237		37916
103254		38050
103256	14206	37983
103275	14238	38084
103276		38085
103277		38086
103296		32859
103297	11629	31534
103301	14232	38062
103302	14234	38080
103303	14236	62856
103311		37424
103314		24109
103315	13139	29871
103316	11432	28843
103318	11961	30367
103323	12399	32041
103324	11503	29105
103326		30408
103327	11016	30446
103328	15224	36429
103329		32831
103330	14899	32636
103331		36279
103332		36765
103333	13808	37620
103334	13810	37619
103335		37531
103336		36394
103337		36293
103338	9065	31321
103339		37071
103340	13010	36226
103341		35734
103342	12205	32642
103343		32637
103344		36280
103345	12203	30863
103346		32639
103347		36281
103348		37854
103349		25377
103350	16607	37292
103351	18674	33763
103352	18642	33762
103353	13641	36661
103354	16699	37177
103355		33866
103356		33884
103357		33694
103358	11868	34039
103359	13642	36619
103360	13567	33195
103361	14313	33196
103362	14312	33194
103363	14311	33193
103364		28717
103366		37147
103367	11658	31689
103368	11659	31688
103369	11660	31685
103370	11648	30860
103371		36159
103372		36158
103373		36157
103374	11661	31501
103375	10308	21025
103376	1786	27693
103377		25061
103378	10140	25639
103379	12216	28591
103380	11382	28587
103381	12212	29765
103382		29764
103383		29767
103384	12207	29768
103385	12641	29963
103386		33429
103387		37337
103388	13682	33238
103390	14358	29661
103391		36750
103392		37679
103393	12844	33420
103394	12842	32446
103395		37863
103396	11751	32030
103397		36289
103398	11752	32031
103399	12597	30165
103400		36670
103401	13121	35921
103402	11936	32728
103403	12601	30075
103405		30430
103406	13930	34436
103407	11235	28765
103409	12214	29766
103410	11277	30862
103411		30971
103412	13126	32618
103413	13133	29757
103414	12938	29495
103415		31268
103416	13985	29503
103417	12841	35654
103418	11129	29311
103419	11626	31624
103420	14055	32297
103421	12896	29857
103422		23051
103423	12960	36427
103424	12958	36425
103425	12920	36423
103426	13161	36993
103428		36377
103429	10379	21833
103430	12438	29771
103431	13365	29907
103432	13366	29906
103433	13370	29905
103434	13373	30211
103435	12633	30085
103436	12753	30082
103437		29933
103438		29135
103439	11565	29932
103440		35978
103441		35776
103442		34856
103443		34857
103444		34858
103445	16042	34633
103446		34632
103447		34472
103448		37533
103449	11624	31450
103450	11379	28645
103451	11362	28641
103452	13369	30210
103453	13367	29908
103454		31262
103455		31261
103456		30407
103457	13062	32781
103458		31585
103459		31584
103460	11622	31587
103461		36079
103462		36103
103463		36747
103464		36746
103465		36744
103466		36743
103467		25969
103468	5028	30985
103469		33937
103470	13860	32385
103471		32388
103472		33601
103473		33600
103474		32811
103475		32812
103476		32855
103477	11359	28955
103478	11380	28647
103479	11428	28953
103480		29953
103481		29971
103482	11505	29973
103483		32768
103484		32788
103485	10378	21831
103486	12668	21717
103487		32844
103488		32784
103489		31639
103490	14364	29675
103491	12931	29355
103492	14367	29681
103493		36278
103494		36264
103495		33525
103496	11895	32345
103497		34432
103498		35294
103499		36117
103500		36115
103501		36114
103502		36175
103503		36172
103504		36170
103505	11668	31807
103506		31463
103507		32759
103508	13003	32783
103509	13080	32776
103510	13103	32803
103511		36092
103512		36302
103513		36095
103514		32789
103515	13130	32790
103516		32763
103517		32758
103518	14324	32755
103519		32761
103520		32757
103521	13063	32868
103522	12893	33941
103523	14212	35709
103524		35450
103525		36061
103526		31258
103527		32581
103528		32860
103529		36093
103530		36091
103531		36752
103532		31511
103533	11627	31506
103534	11633	31507
103535		33693
103536		33282
103537		33692
103538		34423
103539		32862
103540		32861
103541	12770	33215
103542	12751	33217
103543	14675	37822
103544		33580
103545		24807
103546		32762
103547		32764
103548		35263
103549		35277
103555	14245	38098
103572	14247	38101
103575		31880
103587		35324
103588		38027
103631	14196	37986
103632	14201	37984
103638	14257	38161
103643	14130	37970
103663	12927	30428
103664	12316	33787
103690	13520	36566
103691	15452	37888
103692	11305	29629
103693	11765	28305
103698	11360	28637
103699		30404
103700	11420	30480
103701		30403
103702		30401
103703		33239
103704	15158	35365
103705	15068	35364
103706		36740
103708	10641	22657
103709		22241
103710		36622
103711	13598	37790
103712		40429
103713		40024
103714	14554	31057
103715		31505
103716	11707	31759
103717		37172
103718		35980
103719		31266
103720	13861	35694
103721		25599
103722		33671
103723		33792
103724	11168	30060
103725		35858
103726	12858	35386
103727		31263
103729	6889	29895
103730	9442	24047
103735	13745	37154
103740	12510	34304
103741		35587
103742		36116
103743	14843	32092
103744		39465
103745		36373
103747	11571	30160
103748		34859
103749		32857
103750		33886
103751		23917
103752	10369	21875
103753		23059
103754		37344
103755		36368
103756	14677	31893
103757	14676	31892
103758	11620	31513
103759		36089
103760		36102
103761		36249
103762		36781
103763		36846
103764		36063
103765		36066
103766		36070
103767		36067
103768		36087
103769	13881	36062
103770	11419	29770
103771		35667
103772		36082
103773		35535
103774		36180
103775	13590	36229
103776	13856	36050
103777		33369
103778		35707
103779		32858
103781		38090
103782		38043
103783		38042
103784		38044
103785	13707	51992
103786		36080
103787		36078
103788		36071
103789	12217	32343
103790		35785
103791		29459
103792	12973	29744
103793		33400
103794		32856
103795		36780
103796		34889
103809	13484	36444
103813	10284	21775
103847	13511	36537
103870		39699
103871	14198	37976
103872	14241	38089
103873	14246	38100
103874	14253	38145
103886	14129	38019
103887	13992	37623
103888	14128	37963
103900	14289	38186
103919	11436	30393
103920	11441	30392
103921	12251	34248
103922	14943	37937
103923	14295	38203
103924		37408
103926	11708	30659
103927	11446	30398
103928	12584	30202
103929	12883	35400
103930	6837	35492
103931		37690
103932	11705	31760
103933	12631	32583
103934	12748	29453
103935		36090
103936	6952	29923
103937		24321
103938		35588
103939		38142
103940	12861	35387
103941		37466
103942		31644
103943		31643
103944		34050
103945		35530
103946		35533
103947		38158
103948		38052
103949		36764
103950	9275	24237
103951		29657
103952	13138	32767
103953	13085	32775
103954	11506	29107
103955	12612	29053
103956		21019
103957		33858
103958	13708	37816
103959	13458	38128
103960	13457	38127
103961	13464	38137
103962	13738	38136
103963	13456	38126
103964	13455	38125
103965	13463	38133
103966	13454	38124
103967	13453	38123
103968	13462	38132
103969	13452	38122
103970	13451	38121
103971	13450	38120
103972	13449	38119
103973	13407	38118
103974	13448	38117
103975	12640	29451
103976		29181
103977	12613	29457
103978		36292
103979		31265
103980		31264
103981		35974
103982	12839	29353
103983	12615	30157
103984		35958
103985	8915	30576
103986	12669	21715
103987		38138
103988		38131
103989	13465	38134
103990		38140
103991	13460	38135
103992	13459	38129
103993		44776
103996		39886
103997		30664
104003	14260	38164
104004	14254	38147
104006	13957	37562
104008	14255	38157
104009	14258	38162
104027		37551
104051	14360	38256
104052	14200	37972
104064	11518	27789
104069	13100	29888
104070	5324	22271
104071	14381	38268
104072	11304	30076
104073	14339	38251
104074	14373	38250
104075		29867
104076	11408	22415
104077	14327	38235
104078	14349	38254
104080	14306	38217
104081	6851	23089
104082	14370	38469
104084		36374
104086		35423
104087	9262	24045
104088	9440	24049
104089	12997	32851
104090	12917	33828
104091	14342	29898
104092	11398	28339
104093		36084
104094		26007
104095		24197
104096		32750
104097	13076	32778
104098	13075	32777
104099	11400	30396
104100	12802	22093
104101	10330	22059
104102	13912	38199
104103	14237	38083
104104	14290	38175
104105	14875	36618
104106	10912	31246
104107		34124
104115	14386	38276
104116	14307	38219
104123		25979
104124		23157
104125		37547
104126		36766
104127	10217	24259
104128	13604	34840
104129	13045	24315
104130	12222	32298
104131	11445	30397
104147	14390	38295
104148	9833	23129
104155		40727
104156	13797	37311
104157	14397	38329
104158	14398	38331
104159	14396	38328
104160	16371	38325
104161	12029	38290
104162	11225	30738
104165		40817
104166		42354
104169		39449
104170	14127	37996
104174		37492
104175	14890	38198
104176	14351	29635
104180	13131	29637
104181	10082	32563
104182		30418
104183		37300
104184	13663	37225
104185	12587	21711
104186	6842	23759
104187	14223	37980
104188	14183	38022
104189	11396	28241
104190		34908
104191	11896	32344
104198	14400	38337
104199	14401	38333
104200	13977	37596
104211		38046
104212	14256	38150
104213	14293	38201
104214	14389	38284
104215	14284	33116
104217	14405	38349
104252	14391	38297
104253	14392	38301
104257	13670	36967
104276	14416	38408
104278		38383
104284	14308	38226
104286	14394	38313
104289	14407	38365
104291	14406	38357
104292	14411	38393
104307	14418	38422
104308	14412	38395
104323		36578
104324		38527
104325	14413	38397
104327	4710	23351
104328	14402	36732
104329	13915	37483
104330	12898	34974
104331		37072
104332		36351
104333		33887
104334	14084	37881
104335		29323
104336		37550
104337		34887
104338	11556	30092
104339		30262
104340		36641
104341	12642	30083
104342	11688	32732
104343		23055
104344	12218	32813
104345	9660	30217
104346		36753
104347		36763
104348		35981
104349	12667	30081
104350		37073
104354	12856	34993
104355	15653	32295
104356		35668
104357		36378
104358	7270	23517
104360	6908	28067
104361		36056
104362	13665	33583
104363		44775
104364	13723	37927
104365	13342	29603
104367		22113
104368		38002
104369		36360
104370	12676	28355
104371	15527	42629
104372	15500	42481
104373	11653	31698
104377	12100	43722
104378	14205	38004
104380	14277	33691
104381	12582	24843
104382		37441
104384	14303	34849
104385	11814	31673
104386		31674
104387	14278	29929
104388		22983
104389	12867	35394
104390	14363	29673
104391	14087	37890
104392	4955	21489
104393	7123	23515
104394	9064	24869
104395		35349
104396		36756
104404	6845	28691
104405	12857	34992
104406		28655
104408		53705
104409		29870
104410	12614	29179
104412		40628
104413		36347
104416	11187	29585
104417	13724	28829
104418	11105	28827
104419	13601	29812
104420		32291
104421	10687	28035
104422	6847	28041
104423	6932	28045
104424	6891	28055
104425	6867	28143
104427	11490	31267
104428	11429	28987
104429		28653
104431		40721
104433	10424	22465
104434		37139
104435		22985
104436	8718	26053
104437	13835	37362
104447		34657
104454	14435	38472
104455		38392
104456		23061
104457	10898	28047
104458	14428	38450
104459	14437	38474
104460	14438	38475
104461	14439	38476
104462	14441	38481
104463	14440	38480
104464	14442	38483
104465	12791	38069
104466	15669	38312
104467	15579	35691
104468	11833	30156
104469	12565	31965
104470		30390
104471		30199
104472	13064	29966
104477	11900	32600
104478		36081
104479	14322	32804
104480	11619	31568
104489		36088
104490	12811	22385
104507		35537
104509	13701	34410
104510	13702	34669
104527		34936
104528		34634
104529		30163
104530		37826
104543		24181
104544		32823
104545	12863	30086
104546	12855	34958
104547	12864	35391
104552	11114	30089
104553	13687	37058
104554		30201
104555		35514
104556	11650	31701
104557	13482	36436
104558	12538	33267
104559	14581	45780
104562	14430	38464
104563		24179
104564	12598	30074
104565		24199
104566		32288
104567		37545
104568	12876	35405
104569	7580	24489
104570	12879	35408
104574	14023	34930
104575	13135	32760
104577		33501
104578	14444	38524
104580	14189	38249
104590	11413	30399
104591	11443	30395
104592	16622	33602
104593	16624	33604
104594	16623	33603
104611	15210	38051
104623		35366
104629	14376	38412
104630	12591	30073
104631	11377	31252
104632	12882	35747
104647	14449	38555
104674	14447	38544
104679	14445	38529
104712	14039	37747
104721	14450	38558
104722	14453	38572
104723	14454	38573
104738		36767
104739		31581
104745	14572	38528
104746	12220	33438
104748		38533
104749	12713	35960
104750	14427	38449
104867	12457	34167
104868	15682	38467
104922	15147	38436
104925		32289
104926		32293
104928		37075
104930		37541
104932	13141	32346
104936	14393	38302
104937	13973	37587
104938		25473
104940		34851
104941		34656
104942	12838	34685
104943		34366
104959	14473	38435
104979	14259	38163
104984	11369	31235
104989	14242	38091
104990		37442
105018	14465	38594
105049	10574	23107
105074	14467	38610
105080	8627	25815
105081	14471	38619
105096	14472	38628
105119	14426	38440
105143	14318	38234
105156	14477	38659
105182	11025	22943
105190	14476	38656
105191	14460	38579
105193	2085	22827
105194	2086	22981
105195	2087	22979
105196	2409	21749
105200	14199	37985
105228	14483	38668
105230	7355	63306
105244	14485	38669
105245		38667
105246	14486	38670
105255	9448	23661
105310	14488	38671
105333	14491	38691
105334	14490	38680
105387	14489	38673
105391	14420	38425
105401	15599	38536
105402	14431	38489
105433	12852	34954
105442	12851	34955
105443	12850	34957
105444	12854	35749
105445	12853	34982
105595	14043	37765
105596		38714
105616	11275	30686
105626	14645	38491
105655	14501	38720
105662		38733
105663	14135	38540
105749	14504	38731
105807	14507	38735
105857	14459	38578
105858		38727
105859	12432	34140
105860	7054	23349
105861	4964	32448
105873		32684
105892		36030
105893		38699
105899	14778	38346
105906		33106
105907	13981	37600
105914	14514	38759
105928	14493	38707
105929		38500
105930	13061	20857
105931	14511	38749
105932	14512	38753
105934	13645	37286
105959		31048
105960	11535	28439
105961		37534
105962	14516	38767
105963		36630
105973	11195	30617
105974	11986	32832
105989	14519	38778
106051	14522	38787
106146	13780	38181
106153		38728
106154	13098	38799
106168		36383
106206	14520	38770
106215	14436	38473
106220	13000	30429
106222		50126
106223		38768
106239	14530	38814
106240	14532	38816
106246	14533	38824
106286	14534	38826
106287	14215	37966
106319	14535	38830
106433	14583	38851
106438	14414	38403
106455	14018	37717
106456		30600
106457	14048	36662
106458		38521
106479	14523	38790
106492	11447	23933
106493	14446	38530
106494	14531	38815
106495		30514
106496	14287	38688
106497		50127
106498		31846
106499		34325
106503	14545	38853
106504		62251
106506		37755
106507		27589
106508	14498	38719
106509	14526	38793
106538		53082
106539		40816
106541	14509	
106542	11250	30896
106543		38501
106545		39704
106546		38700
106549		38304
106550	11415	22411
106551		41170
106561	13603	49182
106562		39703
106565		40737
106566		38701
106568	14548	38860
106570	14456	38678
106571	14926	39663
106572		28683
106606	12078	33119
106607	14550	38881
106625	14552	38883
106674		38803
106675		38819
106676		38818
106690		38895
106750	14568	38915
106858	14487	38672
106861		38445
106862	14573	38936
106863	14570	38924
106873		38267
106893	14574	38940
106894	14569	38920
106895		31593
106915	14579	38958
106918	14580	38959
106919		39174
106923	15379	39944
106924		43433
106925	12799	22417
106927	6843	35390
106930		54331
106967	14571	38935
107009		35531
107010	7329	24663
107011		38961
107012	14589	38985
107067	14590	38992
107068	14591	38993
107069	15663	37936
107070	13392	31150
107110	11448	22661
107138		38999
107141		32412
107174		39150
107175		34548
107176		39165
107178		53844
107179		39164
107188		22435
107189	10728	25077
107191		40642
107193		37266
107194		39204
107195		39163
107197		33318
107198	13854	37409
107199	11727	30290
107200		38964
107201	14602	39017
107202	14601	39014
107203		38400
107208		38081
107219	15074	41335
107226	14603	39026
107252	12688	35645
107255		28385
107256		23935
107257		38906
107258		38888
107259		38901
107263		31675
107264	14494	38693
107294	14623	39049
107295	12690	33083
107296		38863
107298		38789
107299		36636
107300	13709	40091
107301	13710	40092
107302	8682	23983
107313	14616	39487
107339	14618	39030
107340		35501
107341	9567	23031
107342		38963
107346	13524	36587
107348		36250
107351	13332	35321
107352		36305
107370	14726	38741
107371	14876	38740
107372	14461	58173
107418	14627	39063
107420	14564	38909
107441	14635	39065
107447	14631	39078
107490	14630	39071
107506		38921
107530		57073
107617	14646	39022
107618	8670	24877
107622		38939
107624	14480	38664
107625	14642	39175
107651	14655	39184
107653	14597	39003
107660	14659	39195
107663	14661	39198
107666	14658	39194
107668	14521	38783
107669	6930	39083
107670	12866	35403
107671		39093
107672	14662	39199
107692		39094
107693	14660	39196
107704		39112
107717	14678	39247
107727	14679	39235
107738		39918
107739		39113
107740		39114
107741		37954
107743	14860	39188
107744	14649	39024
107755	13847	37398
107764		35566
107857	14181	38014
107858	14180	38013
107859	14178	38011
107860	14179	38012
107862		35585
107864	13784	37262
107871	14690	39292
107872	14302	38130
107873		39511
107874	14562	38902
107875	13275	35880
107876	14664	39221
107878	9062	23303
107880	15064	40332
107881		39115
107882	14639	39080
107883	14374	38490
107897	12194	
107905	14685	39274
107906	14160	39231
107907		39216
107908	14682	39249
107909	14855	38690
107911	15508	40208
107912	14288	38409
107913		38410
107916		33791
107917		27619
107929	14365	29677
107941		38977
107942		38970
107943		39257
107944		39179
107956	14693	39324
107961	14695	39326
107970		50754
107984	14733	39380
107986	4115	30204
107993	14648	39183
108020		35641
108039	14496	39592
108040	14701	39355
108041	14497	38715
108053		39242
108054	5318	23975
108055		52417
108056		38658
108057		38354
108062		39397
108092	14707	39388
108111	14710	39456
108146	14716	39421
108147	14717	39417
108170		39290
108171		39285
108240		48973
108241	14721	39463
108242		38976
108243		39181
108244		39180
108245		39182
108260	14240	38088
108266	14728	39469
108267	14729	39470
108268	14727	39468
108275		39727
108279	6753	52697
108287		38729
108301	14732	39490
108307	14735	39491
108320		38969
108337	6628	22561
108339	8845	
108353	14734	39489
108354	14736	39495
108355	14694	39325
108356	14746	39519
108357	14747	39518
108358	14744	39506
108388	14750	39523
108430	14756	39533
108444	14751	39527
108450	14755	39531
108463	14757	39534
108465	14758	39535
108478	14759	39539
108487	14763	39545
108489	14764	39547
108511	14767	39551
108522	14772	39555
108533		37011
108534	14089	37904
108548		39606
108549		32316
108553	14776	39565
108554	14777	39567
108576	18428	47231
108577	14779	39569
108581	14780	39570
108597	11994	32943
108598	14784	39574
108617	14785	39575
108623	14782	39576
108625		38804
108626	14787	39584
108628	14788	39583
108629	14789	39582
108630	14790	39585
108631	14791	39586
108632	14792	39587
108713	14798	39609
108714	14799	39610
108715	15466	38918
108725	14801	39617
108726	14793	39588
108729		37933
108730		37934
108732		55503
108733		55505
108734	14621	39040
108735	14802	39619
108738		51055
108743	10411	23149
108744	2688	29836
108745	3426	29843
108746		36666
108747	11798	25063
108748	10058	27757
108749	13525	36978
108750	1669	34249
108751	4679	21553
108752	2102	22247
108757		55382
108758	14810	39638
108759	14796	39597
108760	13937	35701
108761	14619	39031
108767	14687	39277
108810		39654
108811	14720	39457
108814	14638	40249
108815	10409	25457
108818		50058
108819		42484
108838	11940	30892
108844		58101
108845		55496
108847		58109
108848		55497
108852	14709	39622
108853	14688	39282
108868		55499
108869		55506
108870		58111
108871		58105
108872		55387
108873		58099
108874		58102
108875		58110
108876		58106
108877		58113
108878		58103
108891	14553	38889
108905		39348
108906		39549
108910	15018	50076
108913		39500
108928	14819	39701
108933		39322
108934		39568
108935		39245
108936	14316	38677
108937		39416
108938		41464
108939		37921
108941	14537	38835
108942		39477
108943		39566
108944		39480
108945		39705
108971		37511
108972		30246
108973		38179
108978	15644	38990
108980	14854	39419
108981	15035	40080
108985	15563	38557
108986	14297	38220
108987	14291	38192
108988	14647	39141
108989	13303	39116
108990	14065	39760
108992	14730	63802
108993		35605
108994	11768	35710
108995	9061	23343
108996		34664
108997	11911	32665
109002		23359
109003		31145
109004		32240
109005		33360
109006	13803	38341
109009	14651	39191
109010	14824	39725
109011	10597	23721
109019	14827	39730
109020	14822	39710
109066		42989
109080		50080
109081		42996
109085		39605
109089	14410	38390
109097	12484	36952
109101		53214
109102		39264
109125	14883	39753
109148	14959	39736
109149	14657	39230
109150	15675	39298
109151	14641	39192
109152	14670	47441
109153	14811	39643
109189	14250	38110
109190	14840	39741
109191		31851
109192		39769
109193		37279
109194		47653
109196		44836
109203	14164	38017
109215	14887	59773
109217	14825	39728
109260	14681	39244
109261	14903	39783
109280	14539	38837
109287	14904	39790
109298	14907	39792
109321	14908	39799
109330	7024	21765
109340		22293
109342	14958	39678
109343	14643	
109345	14348	29814
109346	6936	28051
109347	14345	29900
109348	14368	29792
109349	14356	29653
109351	14357	29655
109352	13072	29927
109353	14369	29793
109357		64570
109362		48968
109363	10735	28057
109364	10734	28053
109365	10899	28049
109366	14362	29671
109390	14355	29651
109391	5732	23643
109403	14914	39808
109413	14944	39912
109415		38934
109477	14917	39815
109482		39975
109483	15218	42132
109484	14874	39178
109485		39284
109492	14918	39819
109562	14916	39811
109568		62350
109586	14479	38663
109603	14922	39836
109616	14912	39806
109618	13727	
109631	13720	
109638	14928	39851
109639	14927	39849
109653	12798	24999
109670		37308
109689	12859	35388
109690		37535
109729		38932
109730		37420
109731	14935	39894
109737	14544	38850
109745	14934	39893
109800	14985	39823
109801	13290	29936
109802	12626	29910
109819	14941	39651
109820	14940	39917
109821	14938	39905
109856	14939	40165
109867	5490	22893
109869		30116
109870	13804	35541
109871	13821	35542
109911	14948	39935
109928	14949	39938
109929	14805	39620
109930	13993	37630
109931	14474	38629
109938		41234
109939	13574	29935
109940	14656	39023
109942	2276	23763
109943		40286
109945		39826
109946	14748	48453
109955		40395
109963	14951	39940
109964	14952	39942
109979	13545	36699
109995		44046
110028	14953	39948
110088	14956	39959
110089	14806	39628
110090	14957	39960
110124	14973	39979
110130	14960	39966
110131	14961	39967
110139		39856
110147		39623
110173		39972
110177	13127	34910
110178	14964	39988
110182	11183	28419
110200	14966	39990
110201	14972	39978
110208	12455	34197
110211		50201
110212		39700
110214	11907	49478
110219		35081
110221		39714
110224	16938	48612
110228		39989
110229	14968	40004
110245		23895
110247		39854
110248	14558	38907
110249	14919	39767
110250	13798	40990
110253		33155
110261		39991
110264	15361	41080
110272	15465	41079
110273	15880	41081
110275	14970	56837
110276	4254	26035
110277	14977	40028
110279		41498
110286		36646
110287	15005	40100
110291		39057
110292		36855
110313		55494
110317	18766	40040
110318	15343	40031
110330	13661	36955
110331		38112
110332		32898
110344	13786	37265
110346		35328
110349	14990	40052
110350	14987	40046
110353	14994	40056
110354	14997	40060
110355	14995	40059
110356	14991	
110359		40013
110364	10946	28595
110371	15002	40075
110381		31582
110382	14971	40369
110404	13660	39754
110413	15003	40082
110419	14812	39674
110443		31170
110445		40102
110446	15001	40074
110451	14615	39029
110452	13115	35444
110453	4566	24121
110458	14540	38843
110459	15632	39675
110464	15250	40111
110465		20557
110466	11655	31695
110467	18003	38712
110470		33535
110490		38974
110491		38702
110492		33273
110493	12974	29743
110494	14009	33122
110495	15012	40121
110520		38338
110521	14598	40151
110547	15013	40128
110578		39709
110579		39536
110580	14458	33114
110595	15693	41923
110598	13936	29475
110613	15016	40136
110615	14292	40137
110620	15862	40876
110627		39540
110628		54004
110629		39541
110632	14996	40085
110633	14680	35551
110637	17390	40057
110638		36983
110639		36836
110640		35122
110641		36498
110642	15020	40180
110643	12456	34198
110646	15004	39676
110647	14766	38919
110686	15021	40154
110693	14478	38068
110694	14820	37290
110699	15683	41917
110732	10607	23931
110733	15028	40174
110734		40156
110738		40176
110786	14495	40192
110787	15211	40147
110788	15026	40166
110789	15023	40178
110810	15024	40196
110811	15033	40197
110847	12580	24905
110851		40206
110857	15034	40215
110867	14795	39590
110881	15036	40228
110900	15040	40242
110953		53749
111015	14069	41190
111022		40172
111023		38867
111026		39874
111027	14350	29633
111028		40223
111029	11440	30405
111030		40237
111031		34163
111048	15110	40269
111076		39877
111082	15047	40266
111121	14566	38916
111122	11791	24901
111123	11929	32430
111124	12826	29856
111125	16541	40233
111126	15009	40103
111127		34164
111128	12865	35395
111129		40179
111131	13348	40256
111136	14650	39679
111137	15046	40267
111144		40167
111145	15048	40272
111227	12518	34315
111282		39876
111289	11618	31512
111290	14041	40335
111305	15055	40314
111306		38601
111310	15059	40327
111312	15060	40329
111314	15063	40333
111321	15070	40356
111322	15071	40357
111323	15072	40358
111324	15073	40359
111362		40200
111400	14858	40320
111428	15095	40397
111433	13770	37948
111500	15097	40403
111501	15096	40392
111728	15101	40423
111729		40083
111730		56949
111732		40066
111733	15065	40295
111734	15102	40421
111762	14988	40417
111789		40313
111790	15045	40262
111794	12870	35399
111795	11449	30012
111796	12881	35410
111852		40416
111853		38640
111855	10787	25921
111858		39279
111859	12945	35011
111905	14683	39250
111909		39884
111931		39538
111932	15010	40480
111933		36402
111936		40000
111937	3066	40299
111939	14637	39936
111940		39185
111941	11089	34162
111942		58098
111943	11090	49422
111944	9399	40331
111945		40344
111947	15056	40312
111948		55155
111951	15038	40230
111952		40323
111954	6976	
111955		40152
111964	15108	40438
111965	15107	40436
111967		53717
111993		39323
111995		39294
111996		40002
111997		39706
111998		39306
111999		39297
112000		39273
112001		39305
112002		39296
112004	14505	38549
112005		40338
112006	7751	21297
112008	14821	39581
112010	14839	39735
112019	14804	40389
112022		40410
112023	15253	40211
112025		38805
112026		40361
112027		40252
112030		41459
112031		40280
112032	14861	37187
112033	15092	40940
112034		40394
112035	16539	41515
112036	15109	40437
112038		39286
112067		38703
112074	15154	40245
112092		40003
112124	15111	40454
112125		40453
112126		39707
112127		38106
112128		39293
112129		38848
112135	14233	
112145	9297	21713
112151	15113	40456
112152		40143
112153	15067	40351
112155		37609
112166		40465
112177	15217	40460
112258	15029	40473
112293	15121	40483
112296	15126	40485
112300	15132	40497
112301	15131	40496
112302	15133	40504
112303		32034
112305	15232	25173
112306		62357
112308		40109
112323	15135	40507
112324	15130	40486
112325	15134	40506
112353	15136	40513
112357	15138	40515
112376	15142	40526
112381		40569
112443	15144	40530
112444	15145	40532
112448		50347
112449		34519
112450		24371
112451		38739
112452	12507	32927
112453		33225
112454	15139	40517
112455	14555	38891
112468		33226
112470		33228
112471		32158
112472		39846
112478	12860	35389
112479	15156	40550
112480	15155	40543
112522		39734
112534	15194	40567
112608	15201	40586
112609	15202	40571
112612	15204	40587
112625	14797	40542
112640	15206	40590
112641	15207	40591
112649	15215	40594
112657		41011
112658	15198	40578
112667	15216	40595
112686	15229	40602
112716	15230	40608
112719	15128	40488
112732	14965	39987
112748	15231	40610
112788	15235	40615
112792	6935	28695
112802	15240	40620
112803	15143	40529
112818	15241	40623
112823	12869	35398
112900		40334
112921	12874	35401
112930	15247	40646
112932	16017	
112958	12871	35404
113023	15254	40665
113024	15255	40664
113050		37103
113051	15256	40677
113059		41230
113108	15259	40682
113136	12687	37146
113137	6605	21525
113138	15506	40464
113139		38059
113140	12878	35409
113158		38986
113161		37955
113178		43217
113179		48979
113180	7701	24087
113182	13182	50687
113187		40932
113199		38748
113204		41222
113205		38856
113206		38849
113221	15262	40693
113222		38855
113231	15257	40679
113242	14620	39039
113254	14551	38882
113260	15648	40730
113263		49697
113264		43212
113266		50914
113268		43215
113271		43704
113273	14754	39529
113286	15266	40708
113290	15381	40784
113302		40755
113308		52139
113311	15267	40716
113315		49314
113317		51095
113330	12435	34156
113332		40163
113333	11884	53182
113335		50938
113345	15270	40722
113348		40659
113353		39997
113357		39996
113359	15271	40729
113360		40001
113361		39939
113363	15269	40717
113397	15272	40738
113415	15275	40748
113416	15273	40747
113418	15260	40685
113419	15345	40909
113428	15278	40752
113434		53502
113463	15280	40758
113469	15014	40129
113470	15281	40763
113472	15268	40714
113476	15467	41520
113525		42988
113538	15283	40776
113555	13226	59889
113570	15285	40783
113571		29797
113572		52438
113573		29796
113574		29795
113575		29798
113576		29799
113585	15286	40786
113595	15284	40778
113596	15287	40787
113637		30072
113639		42844
113652	15289	40803
113653	14886	39764
113654		59707
113655	15264	40707
113656	10513	21255
113668		40799
113669	14984	40044
113671		38960
113672		39560
113689	15290	40808
113692	15294	40814
113693	15293	40815
113698	12525	
113703	12880	
113717	15298	40834
113718	11303	29791
113722		40806
113811	15300	40841
113813	15299	40839
113814	15301	40842
113828		40894
113846		30071
113847		29409
113848		30070
113849		40509
113851	14722	40850
113863	15282	40768
113864		40762
113906	15307	40854
113907	15941	44078
113917	15308	40858
113924		39689
113932	15309	40861
113936	15305	40852
113950	15312	40870
113970	15313	40879
113971		38716
113976		40158
113990		40880
113993	14600	39007
114030	15318	40901
114039		39452
114042		41374
114043	15319	40902
114044		40903
114052		40656
114056		39020
114065	15320	40904
114072	15017	40145
114085	15323	40908
114087	15322	40907
114099	15321	40906
114105		41632
114106	17101	50604
114107	18011	41220
114108	15453	41915
114109	15495	41286
114111	14871	39572
114112	16269	42178
114113	15354	41051
114114	16298	41221
114116	15664	42285
114117	15786	41223
114118	16452	49205
114119	15514	38742
114120	15375	42106
114121	14718	41094
114123	17778	50445
114124	15324	40911
114125		40353
114126		39219
114127		39220
114129	14719	39486
114132		40363
114136	15966	41224
114194	15330	40935
114195	15329	40936
114196		40921
114232	15332	40938
114233	15333	40942
114234	15076	40368
114236	15335	40956
114244		38722
114249		40924
114263	15338	40958
114295		55057
114296		38898
114297		38905
114298		30079
114299		39475
114301	15340	40961
114302	15339	40960
114303		38913
114304	15336	40957
114305	14335	29917
114306	13073	29926
114307	15341	40964
114308	15146	40540
114317	14786	
114333	15684	42485
114334		40890
114335	14334	29922
114336		54107
114337		34003
114338	14546	38857
114340	15342	40974
114343		38914
114344	6870	23639
114389		40982
114390		39215
114402	15344	40983
114411	15328	40934
114414		38887
114417	15348	40995
114418		39088
114419		40689
114420	13280	35914
114421		39331
114422		39349
114423		39330
114424		40989
114425		24811
114426		24809
114434		40900
114435		39812
114436	12215	29173
114439	14338	29921
114440	14337	29918
114441	15349	
114442	15007	40097
114443		58752
114444		40812
114445		49332
114446	15350	41006
114466		51051
114467		51757
114468		40202
114469		40204
114470		40209
114471		40171
114472	10477	22671
114473	15327	40930
114474	14697	39339
114513	13013	35215
114525		53038
114535	15351	41025
114550		39097
114555	15576	41611
114556	15723	40638
114557	16603	
114558	16782	41509
114559	17082	44213
114560	15039	41215
114561	15940	40733
114562		40991
114564	14993	40881
114604	15360	40823
114606	15353	41029
114607		39781
114619	13181	35616
114622		41053
114656	15334	40953
114657	15317	40939
114679		25169
114717	15355	41062
114720		41919
114721	15802	
114744		40897
114745	15359	41084
114746		37506
114749		40238
114750		41052
114753		39089
114754		55274
114756		56636
114757	16123	49977
114758		53092
114760		40888
114761		40970
114764		40474
114765		42913
114811	15358	41074
114814	12577	34471
114840	15362	41103
114841	15346	41063
114842	14587	
114843		36520
114862	15363	41109
114863		25265
114888	15364	41120
114891	15365	41124
114893		42995
114915		51531
114919		25267
114922		40967
114926	15372	41146
114943	15368	41137
114945	14981	40035
114946	14982	40037
114948	14980	40036
114958	15380	41167
114959	15436	41093
114961	4039	28071
114963	15373	41168
114979	15374	41169
114981		41061
114987		41099
115003		25491
115006	14383	
115007	13873	37359
115036	15776	41195
115039		40164
115040	11706	31761
115045		36684
115052		36685
115066		41193
115069	14815	39681
115082	15378	41205
115087	13118	35586
115091		25271
115105		40971
115107	15393	41206
115113	15382	41226
115139	15700	25149
115140	9057	22329
115141		55532
115142	14783	39668
115178	16740	41210
115179		51505
115180	15099	41535
115183	15389	41265
115186	15390	41266
115188	12115	33262
115189		30411
115191	13289	35957
115195	13785	37263
115197		31361
115198	10311	21981
115199	15386	41101
115200		36611
115217		40372
115219		55881
115230	15391	40221
115238	14857	39653
115239	10498	22791
115243		37454
115269		52003
115275		38643
115294		38644
115295		49996
115296	13210	24773
115315		41176
115336		37115
115338	11704	31769
115343		37009
115344		41177
115345	12728	34756
115355	12677	32322
115360		36403
115401		40562
115402		48881
115403		40531
115406		58951
115437	15054	48508
115438		53601
115439		40742
115440		36085
115456		62346
115467	17401	35784
115472		40527
115499		57366
115511		43522
115514		40694
115515		62319
115516		41164
115519	15396	41299
115520		60536
115528		39513
115566		41289
115651		41549
115654	15520	41426
115656	15480	41283
115668		30173
115669	13870	37428
115715	14481	40613
115740	15400	41312
115758		27621
115759		34336
115763	13416	36234
115764	12069	29832
115765		35612
115791		38896
115793		40058
115794	15574	41421
115797		40830
115800	15397	40005
115801		44060
115815		40612
115818		37544
115819		40837
115820		49995
115824	14853	42443
115825	14872	42444
115830	15992	45195
115833	16511	40885
115834	15695	42794
115835		42456
115836	15771	42952
115839	15783	41785
115841		49997
115842		50751
115843		40475
115844	15425	41219
115845	15638	41913
115846	15926	44221
115853		49277
115864	14870	39410
115873	14817	39682
115874		52450
115876		54245
115877	15538	40969
115879		31785
115892	15316	40893
115895	15352	41028
115900	16659	49118
115901	15681	41916
115902	16693	47620
115903	16694	47621
115904	16695	47627
115905	16696	47626
115907	16751	42950
115908	15248	40568
115914		36342
115916		36343
115918		36344
115925		33455
115931		39831
116005	15409	41345
116006	15408	41353
116010	16775	49380
116015	12255	33522
116016	3538	32835
116032		35574
116033	3539	33325
116039	6078	21967
116044		41316
116045	7562	21295
116046	9837	40406
116048	9838	40407
116050	9839	40408
116053	12718	34738
116054	15407	41340
116055	13857	30278
116058		35147
116059	12734	34782
116060		41072
116069	15399	41307
116073	14807	39629
116137		40062
116138		40966
116147	15411	41364
116150	11930	32707
116155	12672	31942
116160	10454	22197
116162		37198
116164		40582
116173	15413	41372
116182	15615	40735
116195		31108
116196		36401
116210		41377
116222	15243	41199
116224	15310	40863
116225	14712	39435
116226	15414	41379
116232		62902
116233		35663
116234	13907	39426
116235		37542
116236		37540
116242	15415	41380
116246		41360
116248	15416	41381
116250		41796
116258	15418	41384
116259	15419	41383
116267	15421	41389
116272		39544
116287	15423	41392
116320	15427	41401
116323		37528
116324	11808	28615
116325		41179
116327		41181
116328		42487
116329		41180
116330	14794	39589
116338	15428	41402
116354	16051	48992
116384	15085	40597
116408		41440
116409		42078
116415	15431	41405
116566	15437	41433
116575		51016
116581		36811
116584		41178
116585		39690
116586	10115	26269
116588	15440	41456
116589	15441	41457
116605	15106	41461
116610	15444	41462
116620	19922	40994
116673	15448	41468
116674	15449	41467
116676	15450	41471
116700	15297	40833
116702		39212
116703		41797
116704		62901
116705		29667
116706	14354	29649
116708	12813	31874
116709	14359	29665
116710	14353	29647
116711	14361	29669
116712	14352	29645
116714		40811
116740	15455	48352
116741	15457	41488
116742	15456	41487
116752	15459	41491
116756	15461	41497
116780		41768
116781		50924
116782		40928
116784	13788	37267
116785	12638	34527
116786	15438	41439
116787		41458
116788		39900
116789	15451	41470
116790	14702	39356
116791	15430	41404
116793	14986	40045
116801	14470	38618
116805	18144	41503
116848	15595	41511
116855		36669
116861	1680	21467
116867	15464	41514
116900		39892
116902	12671	32422
116903		60542
116907		51014
116908		35476
116909		39922
116910		39517
116911		39914
116915		39911
116922		41399
116923		41454
116944	15468	41521
116962	15470	41519
116964	15670	40734
116965	15821	42158
116966		42460
116968		40873
116970		39919
116978	15469	41217
116979	15479	41555
116982	16309	44061
116995	14671	
116997	15825	42446
116998	16689	42447
116999	16690	42448
117000	15667	42465
117001		50842
117002	15472	41530
117012	15867	44218
117014	15685	42302
117019		22361
117034		41568
117067	15476	41556
117074	15481	41567
117085	15482	41573
117086	15483	41574
117096	15489	41558
117150	15486	41807
117163	15370	42070
117168	15443	41409
117193	15484	41587
117196	15485	41589
117197	13713	41595
117222		40905
117228		50523
117246	9416	23575
117254		37692
117280	15402	41349
117284	10586	22821
117285	13267	30470
117286	13268	32892
117287	12271	33662
117325	15635	41634
117343	15492	41619
117395		38067
117396		38998
117398	13144	39046
117403	13715	37051
117407		24443
117408		40315
117409	10074	20955
117411		36528
117448	15493	41623
117476		39925
117496		41660
117532	15497	41659
117533	15502	41694
117556	15499	41674
117557	13387	36145
117560		53659
117561		57072
117566		39910
117567	14765	38886
117568		39901
117572		42176
117573	16391	41918
117574	15473	41319
117582		41171
117612	15505	41710
117696	15513	41762
117755	13980	37599
117756	15512	41750
117757	15519	41783
117758		41714
117763		41780
117764		41781
117765	15517	41782
117791		31878
117792	14271	32224
117793	14269	34528
117794	14268	34592
117799	14267	34743
117800	14266	34815
117801	14265	34227
117876	12505	34292
117913		41132
117928	14272	34340
117929	14263	35090
117930	14264	34946
117933	6358	25301
117957	7074	22413
117960	13326	36016
117961	10051	30634
117963		41664
117968	14273	29928
117969	10707	24969
117973	14274	34224
117974	14270	34458
117982		39889
117989	15522	41812
118030		36297
118031		35327
118034	12785	33898
118035		58171
118036		42074
118039		38507
118040	7317	25029
118042		52824
118043		33911
118046	17405	39214
118048	14275	34038
118049		37669
118050	14276	34037
118051		37197
118055		39923
118056		39920
118059		37536
118060		37546
118075	8680	25363
118078		39213
118080	9363	25027
118081		37729
118082	13124	
118103	15528	41833
118110		41725
118112		37529
118113		40917
118118		30019
118119		30018
118123	15971	44042
118124	14072	41480
118125		40661
118126	14408	38373
118127		51499
118128		43385
118131		58654
118133		53658
118134		38847
118135		38323
118136		53711
118199	14244	43684
118200	16253	43729
118201	16594	44389
118202	15937	43291
118203		26305
118231	12628	34412
118245	7201	23855
118375	15557	41899
118376	15530	41834
118390	15540	41877
118399	15546	41911
118419	15559	41930
118448		56747
118566		35264
118567		38498
118568	12976	30425
118569		33986
118581	11897	32521
118609	16143	43919
118620		39787
118630	15471	41529
118637		60547
118638		45133
118639		37532
118641	9163	
118675	14443	26301
118743	15565	42030
118856		55508
118857		42076
118858		55509
118936	15302	40845
118971	15572	42156
119042	15577	42071
119056	15578	42072
119086		42507
119109		40499
119113	15582	42091
119123	13487	36458
119134	9168	21121
119258	15585	42129
119321	15587	42143
119324		43397
119342		52223
119344		41545
119345		35116
119346		35158
119347		22593
119354	14046	37145
119355	8833	28759
119368	13617	36866
119399		44609
119400		44610
119401		44612
119402	18514	42054
119403	18515	42055
119404		44089
119422		41202
119453		64832
119454		34757
119455	14279	33485
119456		26143
119458		44613
119459		44614
119532		53081
119533		53080
119541		35007
119542		25101
119548	14101	37922
119591		41495
119592		41477
119593		39962
119661	15593	42203
119662		49004
119665	15658	31105
119675	15596	42205
119683	15597	42192
119688	8613	22111
119696	15614	42206
119740		39209
119742		41481
119764	10080	23407
119765	5032	23013
119768	8790	28965
119770	13679	26139
119771	9679	34358
119772	9680	34363
119774		34762
119777	7720	21099
119779		36542
119781	15970	43878
119784	10581	23617
119787		36357
119788	13177	35610
119790		37452
119793	10427	22541
119794	11914	28185
119795	11465	31369
119806	14556	
119807		40283
119808		39259
119809		32256
119812		41008
119815	6515	28101
119820		53409
119822		59299
119823	14280	33484
119824	11335	26303
119825	9326	33344
119827		56161
119828	10778	25833
119835		21215
119836	7757	27495
119837		38446
119845		53721
119846	13314	28235
119872	12151	36888
119873	14007	35329
119919		41806
119920	13128	34286
119921	14298	42149
119922	15764	42151
119923	16783	42333
119924	15573	42187
119925	15881	45448
119926	15521	41802
119927	15679	42267
119928	15846	42268
119929	15645	42082
119938	15594	41528
119939	2867	25591
119941	11860	30885
119942	13234	25049
119943	15773	
119944		44260
119945	16752	42784
119946	9243	18643
119947	11551	32553
119949		57700
119956	13867	42193
119958	3370	21545
119959	3371	21547
119960		42194
119964	15626	42161
119975		19009
119978	16516	42737
119992	16148	
120046	15600	42238
120055	16604	
120071	11674	31746
120074	12459	34207
120079		44224
120120	15601	42249
120122	10968	21409
120123	4699	34841
120124		28201
120125	17066	46924
120126	15686	44571
120131		17209
120132	9763	20453
120135	10059	20797
120137		20869
120146		38508
120147		40297
120150	15602	42250
120159	16004	47403
120160		57957
120180	15603	42260
120185		40674
120193	15785	40979
120194	16003	44410
120203	15860	44513
120205	16593	44411
120207		42792
120208	16638	49433
120209	15604	42282
120211	15588	42145
120213	16041	44196
120218	16281	47405
120220	16356	44406
120226	19031	51278
120230	14375	45444
120231	16491	45445
120259		41633
120264		35367
120265		35368
120266		42211
120268	15861	44053
120270	15784	42947
120272		41884
120300	15674	42290
120301	16780	42291
120314		42172
120315		35516
120317	15066	41851
120320	15671	42284
120321	16636	40732
120323		58255
120324	16291	42445
120325	15608	42295
120326	16886	48023
120339		44223
120340		58256
120343	15617	40435
120345		41663
120376	15609	42307
120377	15610	42310
120378	12953	35074
120404	16762	48006
120405	15800	42148
120406	16717	41912
120419	16763	42331
120485		51966
120486	16778	42320
120492		47573
120497		36384
120509		42457
120510		42458
120513		58258
120519		42319
120521	16641	42330
120522	16880	42332
120534	15612	42321
120591		40889
120592	8237	29247
120607		42344
120608	15619	42340
120609	14282	33342
120610	14281	33343
120646	15621	42351
120697	15622	42361
120709		36376
120733		43434
120755	15625	42385
120756	19490	61699
120758	7023	29925
120759	7026	32626
120770	14286	32623
120771		42044
120772	14285	33115
120773	7182	32693
120774	7025	32227
120810		40859
120815	15618	56929
120831		30753
120851	15627	42391
120859	15628	42395
120871	12926	30427
120872	14283	33177
120873	7683	21483
120892		42392
120896		29255
120904	15053	40282
120905	11943	35619
120981		42233
120983		29275
120998		42328
121011		42258
121024		58254
121026	15633	42422
121034		42423
121035		40630
121036		42276
121037		42280
121038		42271
121039		42246
121040		42257
121041		39225
121042	14492	29924
121043		49871
121044		42277
121045		42234
121046		42278
121047		42274
121048		42272
121049		42248
121050		42247
121051	13306	28733
121052	7007	25065
121057	9063	23345
121061		42279
121062		37742
121063		42275
121064		42256
121069	6641	36881
121071	6665	38568
121072	6666	38569
121074		38570
121075		38571
121077		41111
121080	11590	24977
121081		30442
121082		30443
121083		30444
121084		31603
121085		31604
121114		42323
121119		42297
121176	15634	42429
121177	15687	42266
121178	15314	42372
121179	15315	42373
121181	12692	34510
121182		34511
121183		42466
121186	14377	41942
121190		45268
121197	15567	42033
121199	15760	42144
121200	15761	42146
121201	15758	42147
121215	15694	41920
121218		40484
121221	13818	40088
121223		47712
121225	14954	39677
121231		42381
121232	13850	39190
121233	14652	47594
121234	16142	44254
121235	13523	33739
121237	13782	33753
121247		41854
121293	14317	38246
121296	13962	37566
121297		33258
121299	13576	33278
121300	13575	29937
121384	15265	42468
121388		42979
121392		42463
121433		34764
121467	16618	40434
121475	15613	42183
121477	16688	48844
121478		49814
121479		49907
121514	17853	50240
121528	16372	42359
121531		26101
121536	6062	25033
121567	15639	42482
121592	15642	42491
121651	10174	25091
121652	10104	26091
121653	10097	26095
121654	10103	26097
121655		26093
121656		36315
121657		26099
121658	10132	26103
121659	10128	26105
121660		34184
121661		26241
121663	11816	32222
121665	14343	26311
121667	14341	29897
121672	13159	35478
121675	14323	20529
121677		42281
121678		51078
121679	16720	42956
121681	15647	42506
121684	15570	42057
121687	14813	39621
121689	13277	35890
121690		42262
121707	13563	36749
121714	9821	31517
121717		38363
121718	12024	33044
121720	15027	40141
121750		27567
121754		31072
121755		31073
121757		30042
121780		50233
121796		33319
121799	15755	42514
121802	13674	36979
121822	7749	27371
121823	9791	27683
121825	7755	21933
121826	7743	21953
121828	9498	21975
121829	9938	21973
121830	7753	27501
121832	7754	21937
121833	14595	39002
121835	9792	27569
121837	7554	21947
121838	7559	22035
121840	6079	21951
121856	16045	42209
121859	14137	39121
121860	14141	39122
121861	14138	39123
121867	16157	42526
121880		30999
121881		31000
121882		31001
121885		33320
121888		42012
121891	13173	35594
121927	14139	39124
121931	14142	39125
121933	14143	39126
121935	14144	39127
121960		39208
121961	12963	31667
121962	15646	42516
121963	10527	23511
121964		39206
121965		26117
121966		40616
121967		39207
121968		34850
121975		28689
121989		52754
121994		52755
122029		42228
122037		41035
122039	16736	45654
122041		43483
122043	16724	42550
122044		31166
122052	15656	42544
122062		34765
122137	15659	42571
122148	15660	42568
122173		64742
122183	10084	31317
122184		42027
122187		41296
122194		56007
122205		35805
122206		36942
122207		38211
122208		40753
122238		42562
122241	10719	24989
122248		42500
122249	12774	33062
122292	15665	42587
122322		42068
122331	13729	
122348	15666	42590
122349	15672	42603
122434	15676	42625
122441	15678	42627
122497	15939	42640
122508	16355	44388
122509	17548	49759
122510		62740
122511	16595	44408
122513	16590	
122516	16043	44390
122519	18409	57699
122520	16750	44047
122521	16612	43626
122522	17048	50025
122523		59386
122524		51389
122526	18360	56927
122527	16610	46630
122530	16748	48105
122531		51382
122532		39288
122533		40687
122534		39281
122535		39476
122562	16192	48481
122575	15306	40853
122585	17241	50407
122630	16493	49098
122631	16719	49915
122632	15651	42522
122639	16179	44412
122652	16578	49386
122654	15972	45599
122670	16580	49570
122671	16490	48941
122672	16616	44097
122687		35301
122688	16568	44079
122689	16437	42898
122690	16741	48480
122691	16492	45447
122695	16455	48754
122735	16158	50054
122736		50231
122742		50227
122750		50228
122758		34323
122807	15689	42668
122808	15690	42670
122839		47983
122875		42703
122922	12038	33032
122979	15698	42889
122980	14387	40765
123011		36668
123027		59352
123028		42461
123056		37037
123077		33512
123079	14628	39067
123113		39798
123115		41635
123116	19906	40182
123119	8123	41475
123120	15236	43612
123139		43611
123144	13816	37219
123146		33670
123147	17181	37228
123148		34674
123198	15763	42815
123284	14665	39222
123330	15702	42745
123348		51812
123349		56162
123375	16314	49274
123379	15818	44228
123382		41547
123394		55542
123417		48045
123434	15706	42750
123436		52102
123437		51054
123447	14060	31348
123474	15501	41688
123476	15536	41842
123490		43492
123494	15708	42774
123612	15710	42791
123645	15711	42798
123746		60730
123752	15713	42808
123769	15712	42803
123778	16979	42658
123779	15715	42822
123785	15716	42825
123802	15720	42826
123803		42831
123885		42797
123886		38674
123899	15722	42847
123901		42867
123903		42855
123948	15725	42935
123952	15699	42783
123994	16140	42882
123996		38796
123997		38191
124014		55043
124028	15727	42883
124060	15731	42892
124080	15733	42897
124082		55351
124114		42641
124115		39166
124117		61590
124118		59366
124131	15734	32455
124132	15732	42894
124136	15724	42862
124138		40749
124140	15735	42916
124153	15736	42923
124194	15738	42938
124195	15737	42940
124196		44086
124204	16697	51153
124223	15739	42941
124230	16097	42949
124243	16764	42834
124337		40134
124338	16754	42966
124339	16642	42967
124340	16761	42948
124341	14559	38416
124342	15762	
124343		51873
124344		44096
124345	15740	42955
124393		41708
124394	15741	42959
124395	15742	42962
124397	16691	42969
124410	15743	42963
124430		40792
124434	7175	22439
124435	7176	22441
124437		59345
124438		59358
124439		59359
124449	14122	39130
124466		58253
124472	14826	39722
124473	14104	32218
124494	15744	42976
124555	15746	42981
124561	15747	42984
124612		42990
124635		41709
124641	15749	42994
124662		41570
124668		44591
124675	15756	43007
124698		53010
124703	15765	42829
124756		38710
124786	15770	43229
124833		55487
124845	15772	43299
124858	15774	43325
124874		36569
124896		43353
124960		43769
124965	17675	43779
125034	11421	28433
125035	12481	34261
125038	15779	43439
125124	15788	43470
125153	15759	42657
125154		42958
125155		42954
125157		42919
125202		42909
125203		42903
125204		42895
125205		42873
125206	15795	43523
125207		42863
125208	15707	42832
125261	15801	43556
125262		42854
125263		42853
125264	15696	42717
125266		38641
125271	11153	30410
125274		43601
125293		50056
125308		43568
125321		43590
125322	5733	23005
125330		50040
125331		45935
125351	15804	43591
125355		42121
125367	15806	43608
125368	15807	43609
125369	15808	43629
125426	15812	43692
125428	15811	43690
125440	15814	43694
125446	15810	43691
125447	15813	43693
125491	15775	43350
125513		48386
125514		38632
125573		36385
125575	15357	41102
125576		43020
125601		27677
125640	15828	43741
125642		36298
125647		43727
125682	15827	43735
125783		40836
125785		43751
125790	11880	29559
125796		43745
125818		43446
125819		38305
125838	15831	43755
125839	15830	43756
125841	15829	43762
125867	15833	43763
125868	15834	43767
125869	15832	43760
125870	15730	42946
125887		42804
125909	13696	37008
125910	15839	43771
125915		40452
125931	15843	43780
126016	14992	56836
126047	15848	43814
126070	6573	24093
126071	7692	24159
126096	14636	
126111		40557
126165		55442
126167		41298
126168		42170
126169		41075
126170		43444
126171		42820
126172		42600
126173		43429
126176		37350
126177	14336	29920
126178		53781
126179	12152	33387
126186	15794	43506
126192	15851	43969
126201		43521
126202	11019	28093
126203		29477
126204	6948	29947
126205	6951	29948
126213	15853	44037
126256		35419
126258	14885	22953
126259		37464
126263		49769
126269		43517
126270		43485
126271	15754	42998
126275	15157	40554
126287	15868	44059
126288	15865	44055
126289	16730	44212
126294		31911
126315	16930	43416
126316	15866	44081
126318		34014
126319	9175	23723
126320	9174	24085
126321	7057	33310
126322	14404	38348
126347	15967	44067
126350	16621	49208
126354	16312	44068
126356		44070
126357	16359	44069
126360	16429	44071
126363		44072
126364		50440
126366	16487	44065
126367	17321	50443
126368	16843	44064
126369	17335	44073
126370	19016	60311
126389	17714	51549
126390	19146	44233
126391	17161	50444
126392	16011	45557
126393	16848	50021
126394	16620	50439
126395	16675	48845
126397	16645	49276
126400	17163	50441
126402		49796
126403	16290	44074
126425	15869	44141
126432	16432	44075
126437	6028	21549
126438	3376	23393
126439	17598	51558
126440	16634	48000
126465		54108
126506	15850	44130
126529	15876	44204
126546	15875	44203
126605		36620
126606	13220	32773
126607		31034
126610		36657
126611		48377
126612		48872
126619		50033
126620	6506	25139
126639	14218	28263
126640		43457
126641		51005
126642	5789	25305
126643	15688	41686
126645		28427
126646		34166
126647		26079
126648		41242
126649	14737	38419
126650	15729	42890
126651		41240
126652	14452	38561
126656		43288
126657		42865
126658		37453
126659	15873	44200
126660		39275
126661		43683
126662	15401	44050
126663		51528
126664	15849	44041
126665		50072
126667		40564
126668		40556
126669		40560
126670		40683
126676		44256
126678	15879	44208
126706	16144	44084
126756		40686
126757		32349
126758		38626
126759		38627
126783	15852	44025
126790	15904	44275
126791	15905	44276
126793	15906	44274
126819	15902	44087
126830	15910	56835
126831	15935	44056
126832		42985
126833	16313	44090
126835	15841	43778
126843	14166	38016
126844		42585
126846		54063
126863		29985
126865	4954	21487
126870	16154	41627
126871	10269	21277
126872	9094	21275
126873		40476
126874		44129
126876	14946	39931
126877	11137	30342
126878	12010	33348
126879		22683
126880		34000
126881		33999
126882		33998
126883	12720	32421
126884		39086
126885		31068
126886		38562
126887		41293
126888		38433
126889		37663
126890	8458	25983
126891	10000	24257
126892	10383	27963
126896		44429
126897	15912	44387
126898		44407
126905	15872	44191
126907		51377
126910	12595	34488
126911		45584
126912		53268
126914		48653
126940		54899
127042		25257
127044		51479
127045		25259
127050	15917	44516
127099		51195
127105	15252	40660
127114		51455
127115		30556
127149	15899	44248
127162	15195	38461
127163	15921	44583
127164		40684
127180	16099	45042
127213		55044
127227	15922	44586
127230	15914	44511
127244		48967
127245		53254
127248		48960
127253		48971
127271	15924	44807
127331	15923	44616
127355		48970
127356		48961
127358		48966
127359		48972
127363		45604
127366	15930	44881
127368		44983
127371	15931	44931
127399	15932	44942
127400	15934	44940
127401	15936	44961
127402		49104
127403		53931
127412	15938	45055
127465		44590
127506	15367	41135
127507	12916	35008
127510	12392	29823
127536	15748	43001
127546		58100
127549	15943	45425
127550	15945	45486
127595	15961	45556
127619	15949	45489
127688	15952	45572
127689	15925	44702
127690	16007	44235
127691	15942	45207
127692	15847	44040
127716		51091
127720	15954	45576
127721	15955	45577
127796	10085	28489
127797		49005
127798		34342
127799	10054	20799
127800		44587
127863		45605
127887		40106
127888		45616
127889		45615
127890		45614
127891		40105
127908		58653
127911	15964	45613
127912		48502
127957	15950	45574
127958	15963	45620
127971		48987
127976	18218	50399
127979		52858
127980		52857
127981		53059
127982		53061
127984	16587	45600
127986		53062
127988		53060
127991	16749	45196
127996	16753	45612
128019		45611
128020		44225
128021	7539	22977
128023		43682
128034	15969	45560
128059		48313
128060		41656
128207	15974	45649
128215	15929	53893
128223	15975	45653
128344	15977	45731
128367		45658
128369	15957	45587
128370		48969
128371		48963
128372		39448
128390		45999
128392		47811
128394	16070	48442
128397		46000
128398		45585
128399	15976	45665
128400	15980	45783
128417		45997
128418		55393
128419		50352
128526		46004
128527		46003
128535		45567
128539		51481
128540		44345
128541	16002	45169
128545	15987	46093
128546	15988	46095
128547	15989	46102
128563	15981	45782
128643	15990	46431
128675		46119
128703	15982	45961
128705	15993	46352
128711		56065
128712	15998	46471
128715	15996	46422
128737	15994	46381
128738	15082	44026
128739		39430
128740	15997	46420
128752	16145	50037
128757	16000	46488
128827	15995	48862
128828	16006	46604
128859		50039
128862		47794
128872	15983	42653
128890	16010	46654
128893	16012	46569
128950		38385
128951		55375
128977	13822	35543
128979	13823	37750
129001		51758
129037	16586	46639
129045	6085	5192
129046	13305	35746
129047		35048
129048		51480
129050		41303
129068	16018	46985
129123	16005	46491
129134	16023	
129157		29842
129158	7840	30124
129159	14699	39351
129165	15212	45607
129166		30343
129167		30349
129168		44165
129175	16520	42740
129177	16522	42760
129178	16523	42761
129188	16027	47160
129190	16028	47159
129191	16029	47161
129192	16030	47163
129193	16031	47162
129195	16026	47158
129196	16032	47164
129201	16033	47194
129202	16039	45558
129203	16745	47044
129208	16585	46821
129211		42765
129212		42766
129214	16787	41416
129215	16788	42263
129216	16789	42264
129217		44403
129219	15541	44615
129220	15542	44634
129221	15543	45040
129222	16382	48873
129223	15220	43772
129227	16773	42835
129228	16639	53249
129229	18374	56820
129238	17856	54123
129239	17258	49170
129243	17364	50925
129244	18421	51726
129245	17332	50581
129246	18503	54997
129250	18472	52101
129251	17522	51861
129259	16974	50644
129260		51903
129263	17434	48875
129271		63845
129272	15116	44689
129273		44691
129274	15129	44692
129276		47635
129277	16036	47257
129278		44370
129290		45177
129292		45178
129293		45179
129295		44860
129296		44861
129297		44862
129299		44810
129300		44811
129301		44812
129302		44813
129317		45924
129320		44167
129328		51599
129330		55502
129342	16022	47254
129347	16201	
129348	16202	
129349	16203	
129350	16204	
129351	16205	
129354		45188
129356		45180
129357		45355
129358		45356
129359		45357
129360		45358
129361		45359
129362		45361
129363		45362
129364		45363
129365		44673
129379		49399
129381		44015
129382		44016
129383		44017
129386	16038	47391
129400		45916
129461	11654	31691
129462	16127	47402
129463		43252
129464		43253
129465		45182
129466	16885	48056
129472		44700
129473		52705
129476		45347
129478		45345
129480		44280
129481		44279
129489		44282
129490		44283
129491		44285
129492		44286
129493		44018
129494		44168
129495		44169
129503		52770
129540	16175	47795
129544		55530
129545		47889
129546		47890
129547		53685
129548		53687
129549	16040	47409
129550		43975
129551		44154
129554		44155
129556		44156
129561		44157
129565		44158
129568		44159
129571		55531
129584		47800
129586		44144
129587		44145
129589		45031
129591	3545	
129592		44146
129593		44147
129594		44148
129595	3544	
129596		44149
129597		44151
129598		44152
129599		44153
129600		49920
129608	8941	
129627	16056	47398
129631		45083
129633	15228	48852
129634	15226	42513
129635	15227	48851
129649	14869	44570
129652	17437	52019
129653		45072
129656		45049
129657		45050
129658		45051
129659		45052
129661		45351
129664	16035	47250
129671		45220
129676	15006	
129688	15553	
129706	16147	47543
129759		41140
129770		57836
129771		46951
129789		47618
129814	16053	47639
129815	15118	40482
129816	3495	23699
129817		34744
129818	10152	31007
129819	10823	34201
129832	16267	48759
129837	10040	28109
129838		33939
129839		43438
129840		26309
129844	13773	37244
129845		35611
129866		31255
129867		35297
129868		28813
129869	10081	33528
129871		45645
129872	16052	45518
129873		46910
129874	16803	49926
129898	16055	47790
129933		39499
129946	16206	
129963		47904
129971		44267
130003	16063	47917
130033		41814
130040		50113
130046		48177
130050	16064	48171
130052	2194	23015
130053		49117
130104		48764
130126	7617	23611
130156		41939
130166	16069	48239
130183		35459
130188		47614
130190	16646	49409
130211		33126
130212		35618
130225		54130
130226		38923
130244		35513
130246		50055
130247		28815
130248		56745
130251		52220
130252		41602
130253	16126	48455
130254	13122	40139
130257		49103
130283		55214
130296	16046	47537
130298	16073	48316
130303	16743	48097
130305	17279	47777
130307		48378
130318		51526
130319	16078	48363
130323	16617	48694
130354	18954	48369
130362		18343
130366		30027
130370		45582
130374		45583
130389	16081	48375
130392	16071	48252
130402		46118
130439	16024	52052
130442	15680	48517
130445	16077	48365
130447	16605	
130448		42488
130473		52486
130512	16084	48391
130513	16085	48495
130514	15928	44848
130515	15962	45618
130516	15726	42870
130527	3136	22275
130549	16090	48406
130550	16091	48405
130558	16092	48411
130560	12143	32269
130561	12146	32270
130568		52823
130584	16009	46652
130586	16100	48415
130588	16101	48417
130590	16102	48418
130591	16103	48414
130592	16104	48413
130619	16742	48543
130622	16107	48426
130673		44543
130674		44544
130675		44545
130696	16112	48441
130705	16109	49845
130706	16108	48425
130707	15385	41250
130713	16113	48438
130714		48439
130741	13105	35372
130742	14121	34868
130743	9101	26159
130745		48751
130759		64229
130761		48749
130762		48750
130776		30980
130777	15901	44273
130780		37010
130781	15239	40621
130846	16117	48577
130866	14888	46447
130873	18678	47275
130911		48628
130912	10434	22131
130939		42593
130954		39869
130962	16050	47623
130974		48116
130997	16129	48470
131005	16128	48466
131009	16431	49841
131010	16667	47814
131011	16668	47815
131014	16669	47816
131015	16670	47819
131019	16130	48471
131043	15246	34259
131044		53008
131045	16008	46650
131047	16093	45595
131053		50078
131083	16132	48483
131096	16167	48555
131118	16125	48452
131142		51503
131149	16137	48488
131150	16135	48492
131181		32796
131182	16138	48491
131221		32797
131222		38484
131223		44816
131239	16687	48791
131251	18259	54974
131264	16141	48505
131325	17485	26149
131329		58785
131360		51500
131367	15507	41734
131382	5809	29545
131458	14753	39528
131459	15474	41522
131475	16354	48537
131476		49978
131477	16923	49431
131485	18045	51288
131486		42899
131516	16163	48542
131518	17053	48549
131519	7048	27559
131520	16165	48548
131548	16166	48553
131563		37390
131564		37391
131565	16168	48556
131566		37392
131567	16458	43982
131568		48554
131569	16459	43983
131570		44003
131571	3108	23011
131572		40078
131573	16169	48561
131574	16460	43984
131584	16171	48567
131586	16172	48569
131589		43985
131590	16462	43986
131591	16466	43987
131592	16467	43988
131593	16468	43989
131594	16469	43990
131595	16470	43991
131597	16471	43992
131598		48570
131599	16472	43993
131604	16473	43994
131641	11757	32014
131642	10916	28293
131646	16174	48580
131648	16643	
131649	16698	50293
131650	16692	51759
131664	16746	48899
131666		47861
131668		47862
131680	16176	48585
131681	16177	48583
131701		48945
131702	16146	50062
131721	16474	43995
131722	16475	43996
131725	16476	43997
131726	16477	43998
131727	16478	43999
131728	16479	44000
131729	16480	44001
131730		48536
131731	16481	44002
131732	16482	49078
131741	15127	40487
131753		44007
131754		44008
131755		48711
131762	16149	50053
131763	16153	50038
131764		51832
131765		44004
131766		44006
131770	15999	47413
131773		48614
131776		44009
131777		44010
131778		44011
131779		44012
131781		44013
131783	16483	49079
131791		59242
131863	16182	48633
131866		46587
131878	16184	48644
131880	16185	48641
131912	16186	48649
131923	15978	46084
131925	13553	36727
131927	16454	48539
131929	16396	48684
131930	14482	43697
131942	16187	48661
131944		48615
131953	16338	36759
131954		39160
131955		39159
131957		49555
131964		51438
131967		55372
131969		55371
131970		40352
131971		50419
131973	9910	21053
131974		30647
131975		59334
131976		35038
131991	16737	51964
131994	16633	52769
131999		45596
132000		59069
132010	16183	48643
132013		50057
132014		37104
132016		36742
132034	19336	48343
132038		34622
132052	16188	48675
132055	16173	48573
132061		48616
132071	16190	48680
132096		48590
132126	16282	48849
132171	16196	48702
132192	16080	48825
132193	16200	48707
132234		49882
132238		45643
132268	6601	31868
132283	16246	48727
132300	16076	49434
132305	16438	51196
132312	17160	
132317		33156
132318	13862	34678
132320		50075
132321		32264
132324		43204
132325	6761	24883
132340	5062	28097
132343	5063	28099
132346	13209	
132347		49326
132348		50997
132350		48346
132351	16249	48742
132381	16631	49718
132405	16250	48736
132417	16089	47425
132418		48544
132420		39167
132424		40469
132444	16254	49369
132456	16256	48753
132466		55388
132467		48735
132473	16261	48761
132474	16262	48760
132477		39431
132479	16744	55066
132511	12590	35920
132512	12794	
132513	12795	
132517		48283
132523	13318	35617
132525	16265	48776
132526	16266	48777
132527	15877	44209
132528	16264	48775
132530	17122	50401
132532	16270	48779
132545	16271	48780
132562	12662	34601
132569		55416
132615		52931
132634	16380	47410
132655	7540	22975
132658		45053
132679	15911	44376
132692		50030
132694		41776
132695	15084	41777
132696	15429	41778
132697	16133	48486
132698	16272	48784
132703		26019
132776	16193	48701
132804	16252	49843
132806	16274	48804
132816		49059
132821	17135	49202
132849		52002
132855		29367
132893	16276	48810
132903		58257
132904		48678
132938		44588
133007	16278	48820
133078		49898
133103		49900
133124		48830
133132		55486
133138	16119	48512
133141		55376
133175	16280	48842
133289		36572
133340		55594
133353	15919	44752
133397		58044
133410		48876
133411	16285	48858
133412	16286	48857
133413	16830	49549
133442		48869
133463		50124
133507		53650
133510	16416	49184
133514		55216
133521		49125
133610		49901
133661	16530	48914
133728	16332	48866
133730	17058	48867
133772	18383	51727
133774	17601	49873
133786	18395	50849
133787	18340	50647
133798		48892
133844	16296	48895
133845	16297	48896
133849		49060
133866	17525	51681
133869	16674	48942
133891	16310	48916
133892	16311	48917
133898	14626	48903
133904		64583
133965	16300	48926
134045	16329	48890
134047	15643	41339
134070	16316	48954
134081	16989	48962
134088	18028	55151
134089	17106	50657
134090	17051	48964
134095	18367	55745
134097	18836	49432
134099	18197	55186
134101	17534	48965
134102		50920
134107	16397	48956
134120	16318	49066
134131	16320	48981
134168	16435	
134222		42805
134226	16324	49743
134252	16325	48997
134283	17093	49571
134289		49014
134413		49026
134462		51430
134473	9577	30360
134623	16350	49040
134710	16357	49053
134732	16358	49052
134761	14032	49073
134786		55482
134840		49049
134856	14653	47235
134861		53575
135102	16364	49109
135108	16363	49110
135136	16367	49114
135171	16370	49123
135177	16369	49119
135178	17247	49120
135255		49138
135278	14462	47612
135381		48610
135384	16376	49160
135429	16378	49164
135432	16379	49165
135443	13110	35383
135460		32666
135462		43432
135511	18744	59001
135515	16381	49179
135535		48235
135539	4911	37482
135560		42390
135562		53767
135580	19346	60570
135585		41822
135605		48773
135626		49189
135643	16383	49210
135645	16384	49211
135660	16377	49163
135722		43435
135776	11146	30378
135778	16373	49154
135801	16652	49204
135806	16389	49220
135836		61905
135864	16439	49426
135865	16392	49233
135866	16393	49236
135889		48772
135909		39840
135923	16436	49275
135939	16390	49263
136019		51061
136027		41251
136064	16401	49283
136080	16404	49291
136110		21479
136118		50071
136119	16399	49285
136128		54678
136135	16199	48789
136137		48627
136138	16116	48576
136139	16115	48575
136140	16118	48589
136141	16232	50066
136143		49880
136144		43351
136145		49200
136146	16499	49305
136149	16408	49303
136150	16407	49304
136168		41453
136169	10573	42104
136192	16410	49310
136205	14384	
136206	16284	48859
136221	16197	48703
136222	14385	38272
136226	16412	49316
136227	6606	23245
136228		49976
136248		43419
136263		49297
136264	11031	30463
136265		40745
136266		41444
136292	15458	62036
136297	16411	51605
136302	16418	49345
136303	16419	49342
136307		50008
136309	16648	49355
136310		49420
136321		41445
136322		50009
136344	16421	49361
136360		49737
136381	16422	49363
136400		50031
136428	16425	49385
136430	16426	49387
136435	16424	49376
136436		49893
136450		39778
136451		51058
136452		49396
136461	16498	49398
136462		41451
136474		49410
136484	16531	49413
136490	7349	
136492		41449
136512		49392
136517	16423	49370
136531		41447
136532		42908
136538	16374	49221
136546	19595	56129
136569	16430	49418
136582	16606	
136614		40914
136616		41446
136619	16658	49379
136637	16152	51047
136638		39780
136639		55458
136641		42380
136642		48645
136645	9171	27681
136646		48864
136647		53774
136649	7859	22457
136650	7860	22455
136657	16635	55133
136663		60501
136664		50125
136665	15051	42906
136667		36287
136668	14915	
136677		30120
136678		51922
136706	16394	49467
136707	16441	49438
136716		48847
136758		49498
136779		50289
136783		43352
136795		49581
136804	17431	49458
136829	16445	49457
136854		43293
136855		42617
136862	16583	49448
136866		50079
136880	16443	49469
136934	16457	49470
136946		49215
136947	16403	49292
136950	15637	42729
136976		49878
136979		36671
136981		36675
137039		49490
137040		36678
137041		36676
137063		51056
137075	16551	49661
137097		46735
137106		48409
137126		43201
137138		42317
137144		50041
137180		43398
137182		43418
137227	16494	49505
137247	16497	49514
137265		43417
137270		53014
137281	16505	49520
137296		50405
137308	16508	49522
137309	16502	49515
137310	16509	49523
137312	16503	49519
137319		50077
137333		48770
137337	16507	49521
137339	16671	50296
137341	16512	49533
137378	16513	49532
137505		40827
137535	18351	37013
137602		52265
137612		41141
137613	16398	49284
137616		42639
137621	16525	49551
137633	16527	49556
137639	16528	53849
137641	18014	51207
137642	17669	49750
137643	18393	50633
137647	20211	59183
137649	18645	51274
137653	18237	55809
137660	18388	56963
137662	15583	62927
137663	16582	49573
137664	20188	64375
137665	18382	56342
137666	18368	51287
137667	19357	49818
137669	16591	
137671	18005	51289
137672	18828	59389
137673	18671	50114
137674	18614	49742
137675	17039	50521
137676	18378	51291
137677	18474	50636
137678	16987	50378
137679		51361
137680	19129	60526
137681	19371	61752
137682	18522	58001
137683	18071	51836
137684	18634	57078
137685	18468	51383
137686	16628	49794
137696	18919	49757
137698	17358	51385
137699		60257
137700		51387
137704	17808	51390
137706	18387	51392
137708	17119	58754
137709		51397
137710		63451
137711	19702	63335
137715		57015
137716	19502	62092
137718	17888	59753
137725	17145	50271
137726	16579	49572
137728	17052	51039
137729	16566	49701
137730	17524	51038
137734	17503	49599
137735	16589	49559
137736	17448	51791
137738	16581	50667
137739	16596	49569
137740	16592	49587
137741		59367
137742	16619	49574
137743	17107	50280
137745		51198
137746	16584	
137747	18338	57468
137758	17105	56216
137760		41764
137761	16548	
137800		49861
137801		39156
137802	18804	51333
137804		49483
137806		49600
137819	16533	49590
137822	16519	49596
137850		50042
137877	16536	49605
137885	16864	55009
137890		41450
137891		34935
137892		41844
137893		50073
137895	11458	21471
137898		49592
137908	16537	49613
137909	16538	49612
137916		51057
137939		58033
137978		51427
138047		51059
138056	16540	49618
138060	16420	49357
138064	16630	49952
138065	17136	51334
138103		41463
138106		49507
138109		49683
138119		49633
138120		50036
138182		52078
138257		38045
138260		49652
138261		43318
138262		35975
138271		49682
138305		43219
138345		49681
138379	16552	49665
138383	16553	49664
138401		42793
138402		51076
138414		48827
138416		48824
138424	16559	49721
138425	16560	49722
138446		51077
138450		41880
138452	16563	49691
138459	16564	49692
138473		49090
138474	19339	42004
138481		42616
138511	16565	49703
138521		42619
138522	16558	
138530		50074
138554		48994
138560		52195
138561		50235
138563		50234
138565	16573	49709
138600	16576	
138609		49751
138611	18308	51834
138612	18309	54033
138675		40076
138687		49134
138699	16599	49730
138700	16600	49733
138714	16601	49738
138716		51509
138717	16602	49518
138723		49768
138727		43208
138728		43501
138729		49748
138769		46228
138778		43227
138779		43250
138780		43489
138788	16588	49766
138803		39364
138804	7111	30965
138864		22695
138868	10129	30968
138869		42438
138871	11767	24373
138874	5790	
138880		49838
138882	16611	49776
138891	11463	25093
138899	16427	49402
138908		45428
138912	16615	49780
138916		43213
138919		43519
138920		43224
138922		43488
138938		43354
138944	7834	22653
138945		41452
138946		38375
138949		36586
138953	15347	40832
138956	15562	41951
138959		37336
138961		37256
138963		36679
138966		38496
138969		41852
138971		36677
138982	9959	36559
138988		29710
138990	11588	30105
138992		50059
138993		42845
138994		38353
139001		36674
139002	12581	24785
139003		36673
139015		50028
139016		36820
139018		40794
139020		32257
139021	13885	37074
139026	7802	22639
139029		41490
139033		40877
139035	13886	37153
139037	12767	34835
139038		36301
139040		40851
139044		55394
139048		37191
139049		40633
139051		40502
139054		40619
139055	13887	36382
139058	13888	36356
139064		55459
139067		34878
139069		35976
139071		60325
139074		49684
139077		40508
139079		49708
139082		39335
139092	16627	49784
139093	16629	49782
139094		42971
139095	16637	49785
139096		63421
139097		42731
139098	12600	24861
139100		43005
139101		36381
139103		36353
139105		42008
139106		50097
139109		37465
139120		49054
139132		41443
139133		41448
139139	17397	40699
139140		43532
139170	17104	51131
139172		39895
139175	12775	30164
139179		29437
139186		36395
139190		48894
139192		36809
139212	16681	49819
139213	16682	49820
139228		49825
139232		51190
139269		41763
139272	14696	39334
139273	16702	49827
139274	16700	49828
139276		49830
139282	6900	29782
139283		42584
139284		40304
139285		43323
139288		33523
139290		37691
139291		35532
139292		30208
139295		36819
139297	16676	50794
139303	16705	49831
139310	16706	49834
139311	16707	49835
139320		42432
139321		42736
139325	16155	41630
139326	16150	50006
139342		49860
139348	16986	49847
139351		50841
139353		50292
139354		49855
139359	16727	49842
139363		36812
139365		38757
139369	16732	49849
139376	16733	49851
139386	16417	49338
139397	16517	
139408		38424
139409		49988
139434		50294
139435	16755	49858
139436	17138	50295
139449	16734	49854
139451		49869
139466		49866
139479		50297
139498	16776	49877
139507		49094
139510		49091
139511	16151	50007
139518	16786	49889
139527	16649	50299
139564		50703
139586		49895
139587	16785	49891
139588		50046
139589	16795	49909
139592	16796	49942
139606	16792	49894
139622		49908
139630	16793	49918
139643	16801	49938
139648	16804	49930
139649		55468
139669		51880
139675	16808	49939
139677		41485
139678	10732	23857
139679		41499
139682		49755
139726		45120
139727		47218
139728		47219
139729		47438
139736		55493
139750		39694
139751	17512	49982
139752		49487
139754		49627
139755		38376
139756		58032
139771		43775
139772		49964
139775	16572	42888
139779		43297
139789		49984
139804	16825	49969
139809		51487
139811		49985
139813		49913
139820	16826	49979
139821	16827	49980
139825	16828	49981
139842		41500
139843		41820
139862		39885
139880		49994
139884	11837	31054
139901	12630	22427
139902		38310
139905		36348
139932		39450
139939	3109	23347
139983	15487	41325
139986	16988	50274
140002	16842	50012
140005	16841	50010
140008		50123
140009		34307
140012		50027
140019	6894	7523
140020		23765
140022		23767
140024	10105	27921
140027		54323
140029		50110
140033		40159
140034	11333	26285
140035		41183
140036	7847	21475
140038		42576
140076		50029
140077		39890
140078		41044
140079		50048
140081		50063
140082		53710
140085	16855	50060
140107		49112
140111		41945
140113	16823	39833
140114		52230
140140		44491
140142		43768
140143	12768	32074
140160		42316
140162		50091
140168		50098
140173	16876	51404
140175	20272	50105
140180		50216
140181		36299
140182	14321	37070
140183		38324
140184		35669
140185		43602
140187	16878	50099
140202		39994
140212	13880	35525
140213		35670
140214		35671
140216		36400
140217		36388
140218		50115
140219		50116
140223		37351
140224		38309
140226		36391
140227		42842
140228		42925
140229		40539
140230		40600
140231		40573
140232		43011
140233		40576
140234		47912
140235		47913
140237		52743
140238		54193
140240		40655
140252		50232
140278	15213	43652
140291	16908	50139
140307	7742	21959
140315		49429
140317		25871
140337	16911	50159
140340		25889
140342		54324
140344		58220
140350	16912	50160
140351		43774
140352		36372
140353		42749
140355		53138
140357		36375
140358		42838
140359		36806
140360		36389
140361		50302
140362		49528
140363		51486
140365		52440
140366		53137
140367		43550
140368		36821
140372		42637
140373		36392
140374		38287
140375		38307
140377		41276
140379		56749
140382		58219
140383		40599
140388		42378
140391		49527
140393		51090
140439	16915	50172
140457	16917	50175
140474		51529
140499	16919	50183
140501	16921	50184
140502	16920	50185
140593		39099
140596	16926	50197
140601	17235	50872
140604		54076
140615		53895
140631		41227
140635	6903	23969
140642	16927	50203
140643	16928	50204
140645	17004	50207
140660	16931	50205
140665	17772	53852
140687		50964
140689	16906	50136
140700	16935	50209
140701		50218
140729		36396
140730	17388	49678
140731		38327
140733	14319	36358
140734	12680	32473
140735		43787
140736		42681
140737		36362
140753	16937	50221
140754	16936	50220
140765	16434	49423
140787	16925	50193
140830	16940	50248
140842	16943	50250
140846		36349
140847		42666
140848		37693
140849		38319
140850		42780
140851		42887
140852		36810
140853	14320	36354
140864		42435
140865		42436
140866		42433
140867		42442
140868		51080
140870		37696
140872		49366
140874		49475
140875		49474
140876		39888
140878		50086
140879	11838	31052
140880		43621
140882		49668
140914		50019
140950	16950	50267
140955	18704	51405
140960	16947	50265
140999	16951	50275
141014	16948	50273
141055		50288
141056	17763	50427
141057	7737	22037
141062	16954	50284
141063	16955	50285
141073		55443
141080		35508
141132	17032	50629
141150		50064
141166		35674
141167		48310
141182	16962	50306
141208	16961	50307
141212	17300	51533
141249	16965	50330
141251	13082	34813
141266	7534	22325
141309	16941	50321
141310		45097
141311		45098
141312		45099
141324		37273
141325		50639
141326		44077
141328		50337
141329		54748
141350	16966	50338
141351	16967	50339
141352	16963	50315
141391	16971	50346
141400	16973	50348
141528		50383
141534		50360
141763		59797
141774	16970	50380
141775	16980	50379
141779	17000	
141785	16976	50384
141802	16977	
141821	16982	50392
141852	17125	50404
141855	17800	50429
141856	18443	57629
141857	18255	55733
141860	20327	57372
141861	18415	50446
141862	18697	57371
141864	17750	50432
141865	17996	50431
141866	17535	50537
141867	19180	60567
141868	18159	55692
141869	17595	50433
141870	17874	50538
141871	17308	50430
141872		54736
141873	17554	50539
141874		50572
141876	17858	54014
141877	17988	50403
141878	17511	51203
141879	16984	50421
141880	17978	50400
141881	17555	52178
141882	17425	50571
141883	18464	55732
141884	17986	55226
141887	17179	50544
141890	17162	50565
141892		56246
141893	17117	50406
141895	17885	53919
141896	18006	54875
141897	19597	50458
141898	17349	50575
141899	17164	50411
141900	17541	51517
141902	16983	50410
141904		50169
141907	16985	50414
141911	16981	50416
141913	18594	58476
141914	18375	55731
141917	18905	59977
141922		62951
141923	18590	58490
141932	16882	
141933		62952
141949	17001	50425
141950	16760	50462
141953	19175	60568
141959		56253
141984		48850
142009		47061
142011		49139
142013		49143
142016	17003	50438
142017		50466
142018		51514
142019		55297
142020		50022
142033		51060
142039	9296	58850
142044		52585
142048		52899
142049		48828
142051		51478
142052	17010	50597
142074	17005	50461
142080	16953	50281
142095	17006	50470
142172		50422
142173	17591	51234
142178	17582	50501
142193	17015	50481
142216	17017	50495
142217		50563
142218		50513
142219	17009	49320
142260		55448
142261		51443
142262		50505
142274	17014	50418
142298	17095	51191
142329	16054	47778
142343	17023	50528
142411		50532
142455	17025	50549
142458		55104
142480		49991
142481	17024	50552
142494	17026	50553
142517		50880
142541	17027	50559
142549	17028	50562
142553		51877
142567		29727
142598	17030	50582
142599	17031	50583
142629	11879	29557
142666	17034	50586
142684	17037	50587
142701	17038	50590
142716	17126	50588
142729	17085	
142731	18565	59302
142769	17040	50593
142770	17041	50594
142794	17151	50673
142806	16924	54346
142808		50603
142826	17057	50599
142838	17061	50602
142842	17062	50607
142849	17063	50606
142853	17064	50608
142876	16164	50612
142877	17065	50613
142914	16956	50287
142962		45108
142963		49669
142964		45109
142967		51379
142984	17072	50631
142985	17073	50638
143012		50655
143064	17075	50652
143080	17076	50653
143082	17077	50672
143085	17078	50664
143086	17079	50663
143103	17080	50668
143133		51564
143145	17090	50689
143150	17089	50685
143153		40385
143154	19874	49351
143156	14003	30673
143157	11404	30431
143200	13693	50694
143201	17084	50675
143202		50919
143203	17091	50678
143270	17097	50709
143271	17098	50713
143277	17096	50710
143288		23881
143289	16794	50862
143290		50151
143291	4957	23973
143294	13558	36937
143295		30864
143296	7492	24089
143303		38650
143304	11088	29701
143305	11364	30438
143306		28693
143307		32609
143309		50326
143312	18136	56067
143313		51488
143315	16388	51957
143317		49956
143322	12380	43387
143327	17094	50695
143337	17110	50738
143338	17108	50739
143380	17764	51828
143387	16959	
143388	16960	
143389		53157
143390	8666	33176
143391		43413
143393		33740
143394		37455
143405	17128	50774
143413	17021	50522
143415	16972	51469
143416	17083	50681
143417	17118	50760
143455	17127	50789
143477		50194
143483		50797
143485		51183
143491		51483
143492		55714
143508	17309	51457
143540	4670	42083
143542		58178
143543		49476
143548	7741	21961
143551		50909
143552		51512
143553		50748
143560		57931
143572	14500	38347
143577		43597
143598	16614	49778
143612	17129	50762
143620		51881
143621		51456
143636		43520
143649		43638
143653	17131	50796
143663		51068
143708		62295
143711		43490
143713		43218
143714		43605
143716		43639
143742		43640
143750		43383
143755		51511
143757		50737
143759		50735
143846		50916
143863		50815
143866	17134	50803
143892		43242
143917		51451
144092	17140	50854
144144	17143	50864
144176	17146	50869
144188	17147	50871
144189		50876
144190		50881
144251		50931
144323	17150	50891
144336		50905
144449		41769
144450		39252
144451		50934
144509	17156	50917
144533	17157	50923
144553	17159	50932
144676	17178	50955
144677	17175	50953
144687	17176	50963
144770	17144	54793
144779	17141	50855
144803		49690
144822		51450
144827		51449
144848		41201
144852	17123	51132
144853	16495	50600
144858	17172	50985
144916		50970
144932	17183	50002
144990		51015
144991		51476
144992		50930
144993		50784
145000	17190	50995
145001	17189	50999
145012		51043
145059		51013
145063	17194	51008
145064	17196	51009
145139	17198	51019
145140	17199	51020
145209		51089
145210	17197	
145260	17204	51064
145273		50145
145274		50147
145275		50146
145276	13542	35992
145277	15090	23313
145278	12932	29357
145279	12610	32907
145280		41651
145281	12599	30207
145283		41039
145284		37721
145285		39896
145286		37067
145287		37059
145288		43004
145289		50005
145291		47005
145315		50396
145316		50512
145317		43746
145318		42786
145319		39861
145320		42649
145321		43531
145322		41744
145323		37065
145324		37064
145354		38968
145356		38795
145357		39782
145358		51144
145371		36386
145372		39891
145373		39926
145374	13065	29970
145375		37688
145376		41729
145388		51084
145405		50846
145407	10167	21517
145408		54671
145409		42725
145410		40831
145432		36808
145433		55392
145436		50043
145437		32752
145439		50082
145440		54674
145442		57677
145444		50747
145468	17207	51092
145475	7748	21943
145477	7750	21291
145479	7752	21935
145480	3142	28983
145481	7556	21971
145492	12559	34416
145494		38788
145503		24637
145508		51504
145545	17208	51096
145547		43361
145553		44409
145554		53773
145556		29349
145557		36890
145560		46971
145564		43365
145604	17211	51098
145608	17212	51225
145611		51197
145637	12609	30161
145638	8034	22393
145639		49603
145650		55706
145654		37136
145665	17214	51105
145680	11371	31236
145707		30704
145708		51485
145709		50515
145728	17221	51122
145739	17219	51116
145740	17220	51119
145743		52254
145745		33414
145746		36002
145747		32252
145748		32226
145750		32225
145751		49936
145752		51452
145753		37192
145754	12784	32073
145755		42896
145756	17408	36055
145777	13269	33875
145778		33876
145779		33877
145780		33878
145781		33879
145782		33880
145783		33881
145784		33882
145797		37069
145798		39644
145799		50290
145813	17226	51145
145815	17222	51128
145823		53573
145824	18533	51623
145829	17120	51216
145830		51000
145837		51502
145840		50258
145842		50238
145849		50740
145850		38028
145852		51299
145853		51380
145855		37670
145857		51376
145858		41685
145865		50499
145871		38321
145879		43689
145880		51446
145893		50324
145894		53700
145895		48582
145896		40552
145898	17018	50510
145899		37463
145900		36399
145901		38326
145902	11608	31647
145904		53365
145905		50102
145906		50103
145907		50100
145908		50101
145909	11336	26279
145911		30209
145912		51501
145913	12695	32296
145916	17230	51147
145919		55483
145925		52771
145958	16922	50191
145959		51045
145968	17232	51155
145985		36761
145994		51543
146004		51768
146065	17236	51179
146066	17237	51180
146119		51513
146131		51087
146140	17240	51218
146171		30648
146206	17246	51215
146208		51561
146210	17245	51213
146233	17244	51212
146234	17248	51219
146310	14582	
146315		51507
146316		51378
146321	17255	51251
146323	17256	51252
146336		60126
146346	17260	51265
146347	17116	52378
146348	16957	
146409	17350	51335
146415		51445
146438	17262	51293
146441		51233
146442		51442
146443		51308
146471		51482
146472	17264	51304
146473	17265	51305
146475	17266	51306
146485		51300
146488		51554
146489	17268	51307
146493	17263	51297
146497		51407
146501	17438	51989
146503		51309
146512		51937
146541	17333	51520
146543	18391	51898
146552		51645
146553	19860	52368
146554		55105
146565	17597	51280
146582	16632	51879
146583		56795
146608	18041	55359
146609	17273	51358
146625	17284	51417
146631		43205
146632		43206
146637	17275	51368
146638	17274	51369
146646	17271	51318
146648	20328	51936
146650	17278	51371
146655		51375
146668	17277	51381
146669		50697
146676	17282	51403
146678	17283	51415
146722	17286	51367
146729		51496
146743	17287	51440
146836	17288	51458
146850	17290	51462
146859		55395
146865	17195	51037
146866		51465
146867	17289	51461
146885	17239	51263
146886		53055
146887		55132
146914	17292	51897
146921		51473
146922		52168
146923		51493
146934		51494
146953	17294	51498
146954	17295	51495
146962	17285	51464
146975	17301	51536
146984	17303	51535
147012	11669	32559
147013		51589
147014		53740
147103	17304	51552
147105	17305	51553
147133	17985	54124
147188		51587
147189	17310	51585
147190		51342
147212		51490
147216	17312	51586
147226	17280	51544
147335		53682
147337		55364
147338		43431
147341		54137
147369	17314	51614
147431		53314
147432		55952
147462	10762	25987
147463		38777
147466		30200
147495		51638
147511	17970	52680
147571	17317	51632
147642	17320	51648
147697		53814
147698		57707
147700		58429
147725		42089
147728		51243
147729	17322	51653
147763		39916
147764	17186	42885
147765		25441
147810		39310
147811		55901
147812		56110
147813		53785
147814	9184	25891
147815	11374	31238
147850	17327	51673
147855		56109
147857		51202
147864	17328	51678
147885	17330	51680
147886	18392	51746
147887		56728
147933		40840
147934		55734
147935		55414
147936		55457
147940		56086
147948		55412
147954		55427
147956		55439
147957		52898
147958		54333
147959		37155
147977	17394	52329
147989		50973
147993		56108
147994		56085
147998		56071
147999		56070
148000		56069
148001		42245
148002		49501
148003		40414
148005		52510
148006		53909
148018		56019
148033		40603
148035		56027
148036		55914
148040		56011
148041		51453
148042	17336	51692
148048	17337	51693
148068		51797
148069		35666
148070	17402	51806
148071		35526
148072		29987
148073		36390
148074		36057
148075		49194
148076		49197
148077		49198
148078	7350	
148080	18538	58449
148098	17339	51705
148104	17342	51710
148109	17340	51706
148116	17341	51711
148125		56010
148126		41622
148127		41684
148150		55425
148151		55426
148183		56004
148184		53900
148186		56003
148226	17602	51735
148243		53899
148244		55992
148245		55613
148246		55935
148253		55432
148257		55431
148258		55430
148264		55429
148266		55428
148279		55434
148280		55436
148284		53101
148288		55433
148289		55673
148291		55674
148293		50882
148295		51738
148302		55435
148303		55444
148334	18420	51492
148351		55507
148352		52344
148363		54539
148370	17351	51761
148371		55761
148374		49029
148375		49196
148376		51685
148377		37485
148378		53759
148379		52571
148395		55581
148401	17352	51772
148402		50138
148403		50137
148404		53186
148406		53185
148407		53294
148408		51048
148409		53666
148410		52095
148411		55991
148412		38800
148434		56030
148465	17353	51764
148468		41496
148469		53809
148470		43761
148472		55953
148474		53898
148475	3592	39119
148476		42733
148477		55950
148485	7700	31575
148492	17354	51773
148506		55501
148515		40728
148517		49195
148523		55337
148525		40364
148528		55417
148536		57974
148567	17229	51466
148569		52325
148570		52326
148571		52327
148574		35502
148575		42650
148576		52859
148584		51097
148589	14884	
148604		40695
148605		42638
148607		37195
148608		36350
148609		41727
148610	12708	29103
148612		36393
148622		55466
148623		55471
148638		51071
148640		37066
148642	13805	51249
148643		53340
148660		55921
148661		55473
148664	7552	21293
148666		37694
148667		36574
148680		39173
148686		55478
148692		55491
148704		52512
148745		36163
148771		51767
148813	11094	53209
148816		51741
148818		42084
148819	17326	51766
148820		50621
148821		51684
148822		41739
148826		56755
148827		54541
148829		63836
148862	17355	51794
148899		52354
148901		51913
148903	2280	28073
148932	16665	49806
148933	2207	22887
148960	17699	52993
148965		52856
148969	17360	51815
148970	16863	51805
148972	11957	32807
148973	12533	32818
148974	12534	32819
148975	12535	32820
148977	12536	32821
148978	14079	34676
148979	14168	34677
149025		57417
149028	17362	51817
149036	10225	21021
149037	11131	30309
149038		54335
149039		53651
149040		53652
149055		51830
149073	17356	51781
149074		52610
149085		43851
149087		43836
149088		43839
149090		43867
149095	18394	51860
149099		51349
149101		55550
149102		60487
149117		43866
149118	17420	51818
149119		43829
149121		43911
149326	17421	51837
149345	16862	51261
149346		51262
149454		51760
149498	17426	51821
149701	17596	51864
149703		51862
149799	17442	
149810	17447	51863
149847		51893
149848		55467
149871		51891
149874	17427	51923
149883	17423	51916
149915		53684
149923		55485
149939	193	
149974		51842
150005		54468
150007		40302
150008		55934
150009	7780	32622
150075	16446	51958
150077	17430	51956
150078		32930
150079	12593	38769
150080	18155	51941
150085	18408	51859
150088		43363
150103	17422	
150114		29387
150117	17428	51940
150151		51974
150188	17433	51986
150201	16105	50848
150202		52413
150294		56729
150295		56372
150429	17441	51995
150430		55500
150466		50244
150512		55418
150541		54466
150542		55484
150544		55456
150545		54253
150546		52304
150575	17443	52020
150580		45677
150582		43534
150583		52015
150584	12556	43503
150585		43544
150586		43596
150587		43828
150597		43912
150609		43579
150610		43347
150622	14893	41494
150653	17446	52031
150654	14561	38903
150667	7889	11795
150672	17449	52034
150673		56117
150695	17444	52046
150697	17450	52045
150700		51934
150846		38368
150848		52042
150909		52162
150910		55447
150919		55438
150930	17458	52080
150947	17505	52105
150950	17708	52949
150957	17460	52081
150963		58112
150970	17459	52079
150972	17461	52082
151008		52278
151017	17463	52085
151040	17464	52093
151063		52292
151067		53766
151078		54461
151081		60459
151083		53017
151085		55551
151086		55552
151088		52443
151089		53122
151091		54012
151117	17466	52107
151126		51562
151128	17357	51839
151189	17471	52092
151196		54458
151252	17473	52173
151280	17581	52180
151281	13775	37097
151300	17474	52186
151313	18698	52187
151327		52275
151379	17475	52193
151380	17476	52196
151384	17477	52198
151499	7712	22973
151511	18682	52221
151513	17479	52214
151514	17480	52215
151598	18376	52251
151606	17481	52229
151634		52597
151636		52513
151638	14217	32088
151639	18132	56285
151640		37278
151643		52267
151644		52268
151645		52269
151646		52270
151647		52271
151659	17484	52273
151660	17424	51636
151679	17488	52274
151685	1558	50176
151691	17816	52523
151743		54909
151763	12415	
151765	12416	
151779		55589
151780	17593	56132
151799	17493	52293
151801	17478	52211
151803		52291
151806	17494	52305
151807	17495	52299
151847	17498	52308
151884		52352
151896	17500	52318
151898		48897
151970	17501	52347
151985		51439
151987		49510
152001		49214
152005		51542
152072	17504	52359
152122		52364
152132		57588
152133		51325
152134		59774
152137	17507	52367
152181		52100
152184	18806	57192
152207	17513	52381
152302	17514	52405
152308		55336
152309		55481
152434		55477
152472		53096
152486		47450
152487		47451
152488		57387
152523	17517	52446
152603		52892
152633		52745
152636	17724	52420
152677	17527	52480
152681	17529	52481
152682	17530	52482
152765	17523	52461
152802	17536	52505
152804		52507
152889	18356	52522
152962		52575
153146	17361	52573
153152	17547	52578
153286		55574
153287		52757
153288	17550	52588
153320		54152
153322		52551
153332	17552	52608
153339	17553	52611
153344	17556	52614
153348		53076
153360	17557	52619
153395	17717	24447
153406	17559	
153412	17515	52460
153418	17933	52623
153424	17558	
153431	17549	52601
153452	17560	52657
153455	19540	62243
153458	19759	63000
153464	16757	52869
153466	20041	63967
153467	20006	63062
153471	19125	60434
153472	18906	59762
153473	19032	60416
153478	18471	55829
153479	18530	56774
153482	18980	60249
153483	18403	57422
153492	18640	52735
153493	18310	56157
153494	17807	51769
153495	17818	57183
153497	18955	60171
153498		63186
153499	18458	52684
153507		53676
153518	17564	52701
153521		42464
153554	17565	52709
153629	17569	52736
153657		52016
153658	17570	52742
153676	17572	52750
153687	17573	52747
153734	15237	43216
153765		52612
153769		58179
153770		58183
153771		58182
153775		52827
153777	17799	52765
153791		52149
153800	17576	52807
153818	17575	52816
153840		52071
153841	17579	52826
153845	17580	52830
153906	17578	51347
153930	17583	52865
153931		55421
153959		52832
153964		52871
153966		52847
153969		52923
153970		43428
153971		43430
153972		55557
153973		52872
153982		52873
153986		52846
154001		52893
154006		40477
154037		762
154038		58184
154039		52924
154040		54038
154041		51154
154042		29421
154064	18460	54740
154068	17099	50206
154075	4963	
154099		53866
154100		33658
154116	17586	52741
154117		55490
154118		58213
154119	15244	40636
154121		39363
154122		64772
154125		51149
154147		29853
154163		51236
154164		42166
154167	7841	30125
154173	17429	52000
154174		42490
154175		48672
154176		52289
154178		52977
154195	18147	56189
154196		55033
154197		54778
154198		52006
154200		52372
154214	17592	52934
154246	15205	41667
154247		58635
154248		48335
154364	17599	52955
154384	17608	52962
154385		52562
154386		52751
154391	17611	52969
154392	17609	52967
154412	17612	52973
154418	17562	53329
154454	17614	52985
154459	17616	52990
154468		53606
154473	17615	52995
154525	16664	49793
154532		58238
154539		52970
154540		52355
154541	19096	48861
154545	17657	53012
154552		53009
154587	17617	52991
154591		53013
154643	17626	53026
154672	17620	53011
154673	17627	53033
154678		53196
154688		53075
154692	17628	53040
154745	17629	53050
154765	19902	63522
154768	17630	53065
154785	17632	53077
154789	17631	53079
154828	18414	53251
154834		53094
154876	17633	53097
154895		53335
154924	17634	53109
154937		53382
154953		53338
154955		53085
154956		37047
154961		53330
154963	17635	53128
154965	17637	53126
154966	17636	53127
154967	17640	53129
154968	17638	53130
154969	17639	53132
154974	16287	49471
154976	7188	22851
154978		48829
154979	17487	52980
154982	17643	53148
154983	17056	50598
154999	17641	53151
155003		53334
155005		52708
155011		52976
155014		38154
155015	17642	53150
155017		39864
155068	17644	53162
155070	17645	53163
155089	17646	53179
155158	17648	53199
155168	17649	53200
155171		53331
155179		53332
155193		53589
155196		55060
155199		54992
155200		53226
155201		53856
155202	17651	53213
155206		54162
155207		54154
155209		55449
155211	17652	53111
155221		53905
155223	19710	53206
155227	17655	53223
155244	18078	55655
155247	15844	53218
155249	15845	47445
155252	19404	47446
155253	19421	47447
155254	18426	53437
155276		53242
155291	17787	53231
155302	18143	55693
155303	19651	62618
155304	20067	63485
155306		62781
155311	19797	62708
155313	18446	57877
155314	18348	56787
155315	18679	59084
155319	18847	59434
155321	18381	55694
155322	18341	55130
155325	18373	53477
155327	18434	53476
155328	18142	53473
155331	19888	63416
155333	19379	61609
155345		53368
155346		62296
155348	17659	53236
155389	17658	53237
155391		53333
155399		53246
155418	17662	53263
155419	17663	53262
155496		53248
155502	17665	53287
155525	17683	52992
155526	17590	52935
155527	17666	53300
155625		53337
155626		53336
155631		53316
155634		53355
155645	17861	54829
155657	17667	53356
155692		53394
155730	17670	53379
155735		30298
155736	16449	51414
155738		53499
155739		38372
155767		53327
155773		55423
155775		55400
155783	17671	53393
155838	17672	53397
155839	18027	53367
155841		53071
155843		53396
155884	18480	53405
155890	17673	53407
155897	17154	
155902	18465	57512
155907	17674	53411
155908	17676	53410
155909		53288
155910	16447	51412
155911	16450	49844
155912		55446
155913	16448	51413
155925	17679	53414
155963	17682	53421
155971	17684	53426
155982	17685	53428
155997	17681	53424
156001		53406
156008		55268
156009	13201	35652
156023	17686	53434
156024		52384
156039	17687	53439
156040	17688	53438
156053		55374
156059		55191
156061		52814
156063	15424	42296
156065		53445
156067	17689	53446
156075	18370	56764
156078	18450	54779
156079	18461	57656
156080	18139	55790
156081	18485	56766
156082	17821	57995
156083		54881
156084	18927	59916
156085	17993	54772
156086	18813	59179
156087	18748	59012
156088	18284	57096
156090	19997	60592
156091	17854	54018
156092	17694	53447
156093	18386	56981
156095	18662	58487
156096	18236	55578
156097	18695	58554
156099	18122	55684
156100	18826	54895
156101		55738
156103	18624	58551
156104	19494	60581
156105	18923	53448
156106	18466	57657
156107	18470	54773
156108	18853	59182
156109	18463	53449
156110	18217	53450
156111	18000	54846
156112	18483	57663
156113	18918	56765
156131	17693	53488
156153		53530
156184	17695	53494
156189	18396	53498
156395	17700	53512
156415	17702	53516
156571		53443
156623	18705	56040
156631	17705	53529
156632	17706	53526
156727	17707	53534
156750		55440
156759		53560
156809	18478	53640
156822	17709	53580
156841	17334	53540
156854	17711	53587
156865		52928
156891	17712	53590
156896	17713	51139
156905		31984
156907		50111
157058		53588
157062	17715	53599
157071	19598	57233
157074		49495
157171	17111	52030
157172		55005
157173	18479	53581
157175		49395
157176		37386
157181		53618
157196	13415	36231
157198	17719	53613
157244		58154
157287		53595
157294		53619
157295	17720	53621
157304	20129	55659
157330	18457	57961
157331		53635
157347		53645
157349	18476	55198
157371	17723	53626
157397	17726	53632
157399	17725	53633
157425		53783
157553	17731	53655
157591		56122
157638	17727	53634
157648		53395
157650		55378
157653	17730	53670
157654	17732	53671
157692	19480	59662
157693	17734	53680
157764		55441
157765	17739	53698
157800		53703
157883	17742	53716
157957	17743	53720
157960	17744	53722
157965	17745	53723
158028	17749	53730
158036	17751	53732
158166	17753	53747
158218		54212
158222		55341
158230		55366
158287	17754	53762
158417	17703	53770
158480		55059
158530	17758	53787
158539	17759	53149
158540		59541
158541		30625
158542		54262
158559	17760	53802
158562		55461
158563		55989
158565		55492
158566		55489
158568		55735
158569	2098	22313
158570	17499	52319
158571	9840	30362
158595	17762	53810
158615		63505
158619		50746
158620		57971
158621		53491
158622		59535
158625		55437
158627	13932	
158631		45626
158639		52337
158640		54848
158641	18502	54603
158643		53408
158669		53901
158676		53642
158699	9397	23659
158700	10055	23675
158701		60817
158702		31894
158704	17766	53833
158709	17767	53835
158791	17771	53848
158829		53858
158830	18127	53859
158869		53873
158870	17780	53874
158871	17777	53876
158895	17781	53881
158896	17770	53882
158898	17773	53865
158908		56111
158914		53917
158923	17776	53933
158925		55328
158926	17783	53879
158927	17784	53887
158928	17785	53888
158931	17786	53889
158983		53955
158988	17752	53748
158990	17768	53850
158991	17769	53851
158997	17755	53780
159039	17788	53912
159042	17789	53913
159052		53265
159074	18171	56425
159107		54749
159109		53935
159110	18477	54026
159309	17796	54000
159322	17765	53998
159406		54057
159416	3100	21491
159417	4300	23085
159429	17890	54650
159452	18701	54949
159453	19281	54021
159454	19367	53907
159455		54330
159483	17801	54028
159490	17852	54029
159494	17817	
159497	17876	54035
159559	17802	54041
159560	17803	54040
159569	17804	54042
159581	17835	59891
159582	17836	54285
159599		54444
159680	17261	53215
159681		54352
159687		56119
159690		54084
159708		53275
159726	17899	54725
159727	17900	54809
159728	17901	54810
159730	17902	54005
159731	17898	54009
159807		54225
159808	17805	54103
159831	17806	54112
159839		54117
159869		55196
159886	17811	54122
159926	17812	54141
159981	19239	54160
160054		54133
160088	17814	54198
160089		54218
160090	17815	54199
160147	20280	54224
160173	17319	54216
160181	17819	54233
160188	17820	54234
160189	12706	32928
160196	12353	38049
160205		52822
160236		56118
160275	17824	54250
160382	17857	54261
160389	17826	54265
160436		54308
160442	17825	54259
160447	17827	54275
160448		55247
160488	17828	54284
160514	17832	54294
160515	17833	54301
160547		54341
160589	17834	54309
160728		54339
160789		55187
160803	17839	54344
160829	17837	52999
160830	17774	53857
160831	17841	53627
160836		54278
160856	17121	52452
160865	17844	54357
160884	9058	22327
160900	17846	54362
160902		58034
160962		55306
160963		54375
160966	10127	28353
160982		54662
161363		54467
161364	17860	54431
161410	17864	54440
161440	17809	
161441	17859	54398
161442		55321
161474	17862	54870
161476	17866	54449
161505	17917	54767
161632	17867	54535
161645	17870	54492
161647	17871	54495
161802	17873	54565
161913		55012
161923		54463
161958		54602
161964	17877	54595
161981		54624
161992	17878	54616
162002	17879	54617
162144	17884	54632
162147	17883	54633
162209	17887	54638
162271		53286
162284		53958
162291		53911
162312	17889	54644
162526		54168
162529		54932
162547		55342
162561	17897	54688
162613		54383
162669	17904	54703
162670	18064	55644
162682	17905	54705
162690		38497
162692	11244	30760
162693	10119	32255
162694	17906	54714
162716		54718
162717	17923	54781
162720	17907	54716
162722	17908	54717
162725		23967
162744	17756	53860
162745	17757	53861
162746	11801	52009
162778	17977	55092
162780	17910	54722
162785	17911	54726
162796	17913	54730
162800		51135
162802		54683
162803	17915	54743
162804	17914	54744
162840	17882	54630
162842	17916	54754
162881		55367
162882		55368
162889	17918	54758
162890	17919	54757
162893	17920	54760
162896	17909	54724
162904	17922	54764
162921	13987	54769
162960		54768
162981		54797
162982		55369
162983	17924	54790
162984	17925	54798
162985	17926	54794
162987	17929	54791
162989	17928	54792
162993	17927	54796
163024	17930	54803
163072	17934	54833
163076	17937	54837
163077	17936	54835
163078	17938	54839
163079	17939	54842
163132	17946	54856
163133	17945	54855
163134	17947	54857
163135	17943	54853
163136	17952	54854
163137	17941	54850
163138	17942	54851
163139	17931	54789
163140	17950	54858
163141	17948	54859
163142	17944	54852
163143	17940	54860
163144	17953	54863
163146	17954	54865
163147	17955	54866
163151	17957	54869
163203		54911
163204	17959	54902
163205	17958	54883
163256	17921	54762
163257		54890
163258	13616	
163259		55316
163263	17962	54898
163270	17963	54900
163275	13549	36705
163292	17965	54913
163326	17967	54916
163327	17968	54915
163328		55391
163329	17969	54918
163339		54925
163363	17971	54923
163364	17966	54914
163417	17912	54738
163446		55984
163542	17979	54947
163544		58198
163571	17981	54959
163619		54648
163621		55472
163623	17982	54968
163694		43394
163696		45111
163697		44863
163753		55049
163785		60034
163786	20249	58297
163788	20247	60020
163790		60214
163793	20064	63964
163828	12722	38070
163829		51267
163831		54127
163832		42852
163943		54990
163991	17990	55034
164117	18022	55016
164172	17994	55071
164192		55370
164193		55183
164194		55075
164197		55750
164204	18248	54142
164205		55288
164212	17998	55102
164226	18001	55115
164241	18002	55125
164244	17999	55129
164293	18012	55149
164299	18013	55150
164312	18015	55153
164314		61559
164353		55128
164440	18019	55194
164441	18023	55195
164538		55225
164551	18024	55237
164675		57890
164702	18026	55265
164875		55305
165056		55272
165066	18121	55277
165070	18029	55310
165159	18181	56566
165171	18030	55318
165253	18039	55357
165254	18040	55358
165285		55404
165314	18043	55397
165356		55454
165426	18044	55463
165445	18046	55514
165523	17896	54687
165524	18369	54437
165525	18051	54973
165526	18042	54631
165530	19583	57353
165557		50325
165559		56125
165598	18048	55528
165607		55569
165645		55278
165647		55279
165670	18962	55566
165680	18070	
165681	18591	54143
165682		49368
165749	17792	54013
165790	17984	55887
165810	18054	55570
165831	18055	55571
165855	18058	55597
165866		57975
165890		29708
165929		55909
165931		54210
165933		50452
165977		55354
165978		54282
165983	15031	27843
166035		51168
166036		57678
166037		57698
166038	19365	54693
166039		54697
166040		55722
166043		37668
166044		54519
166045		53790
166046	20130	55660
166048		52057
166049	16918	50529
166050		55629
166051	14508	38743
166052		54919
166054		34236
166055		25051
166056	7635	27375
166058		53731
166060		54864
166062	19089	
166093	18060	55636
166104	18062	55651
166110		55637
166111		55871
166125		55676
166132		60752
166213		56036
166214		55688
166215	18065	55689
166216	18066	55690
166217		54737
166218	18364	56523
166219	18365	56524
166220	18473	54931
166221	18413	55015
166223	18469	55014
166240	18067	55701
166249	18068	55709
166251		54388
166323		56041
166324		55656
166325	18435	55192
166327	18535	55563
166369		56106
166371	18802	55710
166372	18074	55717
166373	18073	55727
166381		55720
166404		55657
166409	18481	55740
166410		56773
166411	19153	57906
166412	19459	61618
166413	18667	58876
166414	18692	59063
166415	19133	60818
166416	18779	59327
166417	19622	61639
166418	18846	59433
166419	19394	61566
166421	19734	61567
166422	19496	61657
166437	19968	61626
166438	20279	60772
166439	18524	58295
166440		61652
166442	19234	60057
166443	19938	61640
166444	20245	61634
166445		55746
166446	18907	55739
166447	18385	57513
166451	19387	61622
166452	18076	55742
166453		61651
166454		58897
166455	19302	57097
166457	18077	55744
166475	19721	61952
166476	18079	55748
166477	18080	55749
166492	18658	55821
166510	19326	55762
166511		60452
166521	18081	55772
166522	18082	55774
166523	18083	55775
166527	18084	55779
166531	18086	55791
166532		55802
166588	18379	56439
166610	18088	55813
166611	18089	55823
166613	18090	55825
166614	18107	55826
166617	18093	55830
166686	18094	55843
166699	18095	55842
166700	18097	55844
166703	18096	55845
166710	18098	55848
166715	18100	55855
166794	18101	55866
166828	18103	55877
166829	18020	55166
166873	18104	55888
166896	18105	55894
166910	18108	55911
166973		55804
166974		55908
166975		29713
166976	18102	55874
166977		57167
166988		55753
166989		55854
167087	18114	55973
167140		55806
167141	18116	55994
167142	18117	55995
167143	18118	55997
167144	18115	55996
167145		55891
167146	18119	55998
167147	18120	55999
167151	18123	56008
167152	18124	56009
167247		55572
167336	18130	56038
167404	18131	56055
167418		56064
167419	18133	56062
167420	18134	56063
167470		56095
167486	18545	55889
167644		55298
167646		57689
167742	18141	56135
167743	18214	56142
167820	15547	56146
167927	18145	56165
167928		56164
167984	18146	56175
167990		56178
167991	18148	56179
167992	18149	56182
168001	17972	55020
168013	18150	56196
168081	19503	56207
168082	19137	60787
168083	18586	59291
168084	18169	
168085		60598
168087	19660	62216
168092	18152	56218
168097	18950	60089
168102		62748
168104	18384	56215
168105	18801	59306
168116	19130	60415
168132	18577	58509
168133	19267	60828
168134	20164	56234
168138	18153	56230
168139	18154	56228
168177	19504	62117
168178		58898
168179	20099	62241
168194	18156	56242
168195	20073	62738
168210		56247
168240	18585	58493
168243	18977	60235
168244	19154	60821
168245		62751
168247		62745
168249		62750
168251	19840	58056
168252	19784	63164
168343		56392
168345	18162	56348
168374	18164	56352
168496		56186
168500	18167	56400
168511		56401
168537	18170	56420
168550		38096
168551	13382	35786
168552	9056	23707
168553		56419
168554		55907
168556		52307
168557		54893
168558		54313
168559	17610	52964
168560		56358
168561		49491
168562		53095
168563		61225
168564	17736	52421
168565		55089
168569		39157
168570		39158
168571		62343
168572		48420
168574	2248	23779
168577		56719
168578		23815
168580		61045
168584		54399
168609		56457
168623	18172	56449
168628	19349	
168630	19350	59382
168631	19392	61847
168632	19374	61764
168633		56450
168634	9581	52103
168635		52147
168833		57587
168867	7782	9291
168868	8411	32621
168869	7799	22649
168870	7776	18589
168871	7794	22641
168872	18179	56538
168873	7773	18827
168962		56562
168973		56172
168992	18182	56588
168997		58328
168998	18176	56488
168999		56552
169000	18180	56544
169001		56821
169013		53867
169015		30861
169017	8543	23569
169021		53158
169029		53753
169030		53765
169031	12540	29177
169032		53823
169033		42672
169034		53871
169035		41759
169036		52508
169037		40625
169040		40626
169041		53791
169042		51799
169043		51798
169044	12729	24783
169046		52711
169047		42646
169048		38308
169049		53870
169050	17392	53872
169051		38306
169052		53949
169053		56664
169054	17403	51810
169055		53869
169056		52161
169057		37190
169080	18188	56613
169082	8509	23523
169085		56715
169087		55754
169089		55568
169092		42762
169093		42767
169094		53841
169095		41707
169096	4687	24465
169097		54953
169098	18814	56461
169102	16544	64427
169162		35148
169163		56699
169227	18177	56487
169228	18190	56646
169258	18193	56647
169291	18192	57012
169295	18194	56653
169296	17793	53936
169315	18195	56662
169319		58373
169323		53864
169324		36294
169325	11329	30162
169326	12611	28197
169327		57076
169328		53952
169329		37193
169330		40553
169331	12679	32229
169332	13996	36300
169333		55614
169334	17396	56190
169358		56648
169361	19315	54880
169362	18196	56671
169363		55939
169364	17935	54847
169370		55303
169372		56471
169373		55957
169375		55640
169379		53868
169383		55602
169384		54976
169402	18199	56685
169403	18539	58462
169404		51871
169417	18201	56690
169418	18202	56691
169420	18203	56693
169440	18204	56700
169441	18205	56701
169442		56702
169446		56706
169447		56621
169448		56474
169450		56713
169451		56712
169458		57007
169459		57074
169460		56665
169461		57075
169462		57056
169463		56081
169464		55619
169465		53778
169466		53929
169467		38320
169483		54360
169486		37194
169487		56689
169488		56679
169489		56688
169490		56678
169491		56683
169492		56684
169496		36352
169497		36807
169498		57032
169499		56183
169500		43688
169501		41766
169502		42663
169503	17409	56200
169504		53812
169505		35783
169510	8502	30447
169511		56743
169512		56376
169514		56718
169516		56638
169518		56692
169519		56720
169520		60005
169522		44533
169523		55839
169524	6878	27577
169525	7115	23189
169542		54692
169559	18206	56731
169579	18207	56732
169580	18209	56734
169581	18208	56733
169582	18210	56736
169583	18211	56735
169584	18213	56738
169685		56882
169692		56704
169698	18216	56768
169746		53598
169748		56740
169749		56758
169750		56791
169751		56782
169753		39152
169754	18219	56785
169755	18220	56784
169758		44534
169760		56617
169763		51822
169764		51823
169765		51849
169766	17302	51539
169767		59469
169768		59468
169771		56206
169772		56156
169773		56790
169774		56191
169775		40593
169776		52453
169777		31872
169778	15531	56553
169779	8849	30122
169780	8626	23353
169781		42628
169782		56403
169783		42768
169784		56655
169785		42722
169786		42744
169787		53930
169788		35782
169789	17399	42843
169790		39858
169791		52332
169792	12901	34980
169793		56435
169794	17329	53391
169796		33940
169811		56805
169812		56521
169813	9054	23709
169815		56540
169816		36398
169817		57021
169818		56547
169819		43627
169820		43628
169821		42612
169822	12829	33059
169823		56541
169824		54646
169825		56793
169826	17932	54637
169827		56714
169828		52145
169832		55872
169833		41722
169834		42787
169835		38311
169836		57027
169837		42656
169838		51807
169884		56814
169885		37762
169887		52146
169890		46157
169891		43551
169908		63194
169910		54684
169911		54340
169912		55093
169917		56711
169918		56822
169927	18225	56838
169929		56842
169930	18227	56840
169931	18228	56843
169932	18339	55072
169935	18229	56845
169938		56831
169949		39161
169950		39408
169966		56853
169969	18232	56854
169982	7740	21945
170013		56059
170018	18234	56877
170019	18235	56876
170041	18165	56505
170056		59200
170059		56886
170060		56669
170068		56885
170083	18238	56894
170110	18241	56906
170112		58700
170113	18242	56907
170130	18247	56923
170156	6876	23637
170166	19078	56752
170204		56915
170205		56855
170206	18283	
170220	18075	55948
170221		56948
170426	3196	
170427	2267	
170428	3197	
170443		51238
170468	18249	56964
170484		41241
170496		56869
170497		56993
170498		56994
170503	18253	56980
170505	18221	56830
170506		56937
170508		56975
170509		62290
170511		56997
170512		56999
170534		57000
170535		57003
170540	12786	31882
170546		56955
170561	18380	56716
170567		56931
170568		56914
170569		56846
170570		56984
170577	18257	57025
170578	18258	58779
170593		54907
170604	18260	57031
170620	18279	57034
170624		57030
170625		56606
170626		57024
170627		57054
170629		55326
170631		57101
170648		56548
170650	18264	57050
170656	18635	56578
170657	18399	56579
170658		56771
170659	17568	53320
170660	18151	56504
170661		56741
170695	18266	57058
170697		53927
170698		53926
170699		57055
170700		57053
170712		56580
170713		56569
170732	18267	57066
170733		35536
170752		57069
170816	18268	57071
170822	18254	57005
170823		51336
170890	18270	57100
170891	18271	57099
170892	17791	53924
170893	18272	57102
170914		57143
170915		57144
170916	18599	57152
170917	18276	57145
170935	18280	57184
170936	18281	57189
170938	18282	57217
170942	18278	57181
170950		57204
170953	18402	57180
170960		56709
170961		56698
170962		56697
170963		56708
170982		58699
170983		57199
170984		57227
170985		57302
170986		57253
170989		58701
170992		57292
170998	18289	57325
171017		57303
171018	18290	57334
171019	18288	57315
171025	18292	57360
171026	18598	57369
171030	18294	57390
171031	18295	57380
171036		56520
171037		56567
171038	18291	57362
171040	18297	57391
171046	18300	57433
171050		57400
171080	18452	57946
171109	18301	57448
171110	18302	57466
171115	18305	57487
171130		57489
171144	18312	57502
171145	18306	57499
171203		57586
171291	18314	57508
171337		57514
171346		57488
171400	18315	57517
171402		57518
171403	18265	55993
171443		62183
171444		39056
171447	11231	25253
171457	18317	57524
171513	18319	57528
171545	18321	57533
171601		57532
171608	18307	57478
171627	18324	57555
171630	18325	57557
171637	18323	57554
171642	18327	57559
171659	19676	56916
171689	18328	57562
171728		55138
171745	17404	56201
171746		56534
171748	18329	57567
171760	7744	21957
171762		21955
171825		57361
171928	7747	21963
171929	7758	27491
171952	18333	57584
172016	18520	57590
172019	18336	57592
172179		58273
172187	18580	57614
172190	18344	57611
172192	18345	57612
172199	18334	56967
172242	18347	57623
172251		57624
172252		57625
172258	18343	57616
172324		57633
172345		60367
172355	18350	57635
172393	18961	57622
172395	18354	57798
172416	18358	57646
172420	18359	57647
172423		57650
172439	18361	57648
172453	18366	57719
172463	18363	57658
172594		57690
172819		54027
172842		57077
172844	17740	56828
172852		57605
172896	18788	51682
172964	18390	57753
172965	18519	59146
172966	18423	54197
172967		57846
172973	17068	54269
172976		54268
173172	18397	57779
173174		57754
173216	19102	57538
173244		60221
173249		58463
173250		58603
173263	18404	57796
173264		39082
173265		57572
173287		57812
173295	18405	57810
173311	18401	57797
173313	18633	57822
173333	18406	57827
173334		57821
173335	18407	57820
173346		57492
173347		57641
173348		57642
173388	18412	57845
173441	12480	30960
173523	18422	57859
173533	18424	57864
173534		57871
173549		57869
173584	18427	57876
173639		56746
173640		57889
173647		57881
173692	18437	57888
173693	18432	57891
173694	18438	57892
173780	18439	57907
173807		57949
173884		57910
173935	18442	57915
173956	17086	54727
174043	18451	57944
174044	18454	57947
174070	18453	57945
174087		57973
174124	7551	21969
174125	17267	52004
174128		57953
174280	17761	53699
174383		57993
174384		57688
174390	18715	57924
174400		57909
174417		57782
174427	18462	57990
174428		58004
174439	18467	58018
174452		58031
174504		41636
174576	18482	58059
174596	18484	58066
174649	18377	55864
174653	18490	58080
174654	18491	58082
174666	18475	58006
174702	18784	57575
174703	18252	57264
174704	18330	57442
174705	18342	57351
174706	18920	57594
174707	18357	56717
174708	18389	56958
174709	20007	56772
174712	18924	56695
174713	18925	57520
174715	18346	56930
174718	18449	57865
174720	18830	56987
174722	18657	58555
174729		24575
174749		57593
174780		58118
174788	18493	58125
174791		58155
174802	18496	58131
174841	12793	34871
174842	13714	37050
174843	11919	32676
174844	11063	29901
174871		58967
174912		58499
174913	18685	58137
174914	18497	58146
174934		57976
174936		57373
174939		58234
175019	18498	58172
175033		58141
175034	18489	58057
175035	19559	58953
175047		58546
175048		41153
175049		55054
175051		55051
175052	18663	58143
175054		58079
175068		58180
175120	18500	58196
175124	18501	58197
175132		58200
175136		55756
175137	18504	58199
175138	18505	58201
175144		58210
175152	17810	54135
175198	18499	58216
175199		58222
175237	19127	60558
175277		57979
175296		58245
175343		58252
175347		53402
175348		58249
175349		58218
175350		58223
175351		58250
175352		58241
175353		58244
175409	18506	58259
175422	18517	58265
175443	18516	58271
175450	18518	58272
175473	18521	58275
175513		58680
175533	18523	58302
175573	18556	58091
175642	18277	57160
175645	19483	60577
175646		54945
175647		43341
175688		55987
175690		58170
175691		58313
175744	18926	58325
175753		53110
175783	18800	58333
175784		58096
175785		57429
175786	18763	58681
175787		53525
175804		30036
175829		57356
175830		57316
175831		57290
175832		57405
175833		56950
175834		58071
175868	18527	58357
175869	18631	58351
175872	18528	58359
175889	18436	57226
175914	18531	58390
175938		58391
175939		57697
175944		56826
175945		58374
175977	18534	58426
176053	18537	58445
176063	18536	58437
176064		58386
176065		39075
176066		57548
176084		48245
176143		36355
176144		42754
176145		42662
176146		42785
176147		41646
176149		58406
176150		42636
176158	18541	58473
176166		43603
176167		42872
176168		42690
176169		37695
176170		57156
176191	18532	58395
176226		58526
176234	18542	58484
176245	18544	58491
176246	18546	58492
176273	18547	58502
176275	18553	63877
176276	18548	58505
176283	18555	58506
176287	18557	58510
176292	18558	58511
176298	18559	58515
176299		58517
176300		58535
176301	18562	58514
176303		62293
176311	18561	58516
176314	18563	58518
176317		60076
176319	18564	58522
176369	18934	58531
176370	18566	58524
176373	20112	63973
176430		58539
176432	18560	
176469		58562
176470	18821	58549
176471		58140
176495		58248
176496	18576	58567
176508	18578	58572
176509	18579	58573
176577	18492	58447
176579		59167
176632		58597
176633		58598
176634		58599
176635		58602
176636	19432	58773
176642	18581	58600
176660	18543	58488
176663		58606
176702	18583	58614
176856	6869	23097
176857		56558
176858		56978
176860		57219
176861		57597
176862		42880
176863		46089
176864		57060
176865	18764	59245
176869		57589
176873		58240
176874	11612	52473
176875	11613	49391
176876	18250	29207
176877	12055	33086
176880		57916
176881	17895	55302
176882		57573
176883		57631
176884		57564
176885		36380
176886		57563
176887		57666
176888		57491
176889		57577
176890		57578
176891		57630
176908		59030
176909		58644
176910	19450	58756
176922		63835
177006		58676
177007		58855
177008		58856
177009		58677
177046		58706
177047		58695
177048		58698
177069	5260	23819
177071	18932	57878
177097	18747	58926
177098		57435
177104	18592	58714
177106	18593	58717
177120	18596	58725
177121	9767	21523
177122		48266
177123		53718
177124		57996
177126	6912	24573
177127	6913	23183
177132	18597	58735
177143	7564	21493
177144	2608	23647
177145		57683
177146		58129
177147		56909
177159	18600	58739
177175	18602	58749
177177		58751
177180	5387	49245
177191	18603	58755
177216	6964	23185
177217	6918	30957
177218	6922	22511
177219	6919	49243
177221		57875
177223		54581
177226	12964	
177227	12965	
177232		60809
177233		58791
177240		58792
177271	18607	58772
177384		58789
177385	18610	58788
177386		54573
177387		54574
177388		57835
177405		58746
177406		58733
177407		58790
177430		55462
177432		41197
177433		51954
177434		40606
177436		56624
177437		57453
177438		57480
177439		58229
177442	16485	
177443		50526
177444	18398	57613
177456		61456
177457		40779
177458		52867
177459		39000
177464		58430
177465		57037
177466		56148
177474	18615	58811
177475		58307
177476	18612	58812
177493		48853
177494	18595	58448
177495		58012
177496	18568	58494
177497		58818
177501	18618	58820
177503		58828
177506	18620	58822
177508	18622	58832
177509	18621	58833
177512	18651	56960
177513		59899
177514		58477
177518	19062	58837
177552	18627	58853
177580	18636	58861
177581	18628	58854
177583		58866
177602	18623	58844
177603	18972	58827
177633	18639	58908
177634	18638	58877
177636	18644	58879
177637	18643	58878
177640		58881
177672		58901
177679	18646	58886
177680	19155	58894
177683		58911
177686	18650	58915
177687	18648	58919
177689	18649	58913
177697	18670	58883
177698	7360	25057
177699	18652	58929
177704	18653	58934
177709	18654	58939
177754		58943
177761	18660	58957
177772		58984
177776		58983
177778	18664	58964
177798	18840	58935
177813		58982
177814	18275	59390
177815		58981
177845		58986
177878		59000
177879	18736	58985
177880	18673	58996
177887	18676	59005
177922	18754	59010
177937	18677	59027
178004		57216
178005	18681	59047
178012		57904
178013		59057
178014		59059
178022	18683	59055
178025	18686	59062
178031	18687	59068
178046	18689	59070
178051		59079
178052	18690	59078
178083	18693	59088
178084	19035	59091
178090	18694	59095
178100	18675	59002
178101		59080
178102		59099
178124		43292
178125		58608
178126		58805
178127		58963
178145		29375
178147	8078	64216
178150		54325
178151	19454	62053
178206		34225
178304		58036
178305		58037
178306		58011
178307	5004	
178308	5002	
178312	18696	59113
178346		58952
178350		58816
178351	18606	58744
178352		58753
178373		57318
178374		57684
178375	12752	32166
178376		59066
178377		58412
178378		56018
178391		59795
178395		59123
178396		58623
178402		62292
178403		57148
178404		56555
178405		57667
178406		59081
178407		56542
178408		57378
178409		56159
178410	12769	32475
178411		57428
178412		58403
178413		57377
178414		57696
178415		57355
178421	18637	59049
178433	18702	59130
178434	18707	59131
178435		59115
178436		59688
178446		58389
178447		59053
178448		57035
178449	12670	32420
178450		57133
178451		57289
178452	12634	32472
178453		56657
178454		57268
178455		59074
178462	18708	59135
178467	18710	59139
178495	18709	59136
178511	17406	55905
178512		55904
178513		57540
178514		39857
178515		48882
178516		55900
178518		55886
178519		57493
178520		55885
178521		55873
178522		51808
178523		57395
178524		42682
178525		38322
178526		36387
178527		36359
178528		57394
178529		57541
178533	18700	59145
178548	18712	59144
178550	18713	59142
178577		57140
178578		58398
178579		36970
178580		37594
178581		57850
178582		58413
178583		53798
178584		58392
178585		58393
178586		56168
178587		57149
178588		57695
178589		42837
178590		57406
178591		57430
178592		37689
178593		58399
178594		52328
178595		37607
178596		56611
178597		58404
178598		56953
178599		53808
178600		43566
178601		58387
178602		41673
178603		57393
178604		58394
178605		37060
178606		37462
178607		56666
178608		55915
178609		40468
178610		58388
178611		37461
178612		58289
178613		40463
178614		57147
178615		43917
178616		39098
178617		53805
178618	13086	33060
178620		59165
178644		57806
178645		56582
178647		56169
178648		57816
178649	17398	56239
178650		40210
178651		52333
178652		53804
178654		52395
178655		57135
178657		52373
178658		57841
178659		53771
178660		53784
178661		57854
178662		56556
178663		58396
178664		58304
178665		55241
178666		56012
178667		56651
178668		39870
178669		43567
178670		57452
178671		56979
178675	18716	59161
178680	18718	59160
178695		57033
178696		57139
178697		57138
178698		59195
178699		59747
178701	18719	59169
178707	18720	59174
178729	18721	59175
178747		57829
178748		57008
178749	19214	59176
178754	18722	59177
178758	18659	58523
178774	18724	59186
178781	18725	59189
178782	18726	59190
178788	18699	59192
178789	18727	59193
178825	18728	59199
178868	18729	59204
178869	18730	59205
178886	18731	59207
178972	18734	59217
179054	18739	59228
179062	18742	59229
179068	18741	59230
179088	18745	59235
179126		59820
179207		59276
179211	18703	59032
179212		59290
179213	18765	59246
179214	18842	59236
179215	7788	22461
179230		58119
179231		57706
179233		57713
179234		57712
179235		56847
179236		58094
179238		56522
179239		56824
179240		56833
179242		57705
179243		56823
179244		57840
179245		56832
179246		57732
179247		57739
179248		43598
179251		56724
179252		57731
179254		56856
179255		57848
179257		56857
179258		57195
179259		56848
179260		56608
179262		57849
179263		57158
179265		56723
179266		57740
179268		57194
179269		56932
179270		56933
179271		57767
179273		58232
179274		57762
179276		56938
179277		56939
179279		57747
179280		57748
179282		57177
179286		57761
179287		57768
179288		56619
179289		57022
179290		57792
179291		57791
179292	18877	59512
179294	18749	59266
179297	18750	59265
179302	18751	59267
179344	18753	59277
179408	19854	58944
179477		59280
179478		59278
179479		59279
179534		38873
179535		38868
179536		38861
179537		38862
179541	18760	59322
179678	18767	59342
179679		59232
179680		59260
179681		58422
179682		59269
179683		59253
179684		59247
179685		59221
179686		59333
179689	18768	59349
179694	18769	59360
179696	18770	59361
179706		59369
179715		59354
179716		59374
179717		59128
179718		59112
179719		59373
179720		59350
179723		56650
179724		57269
179725		57241
179726		57240
179727	7641	24927
179729	2417	23801
179731		57775
179732		57784
179733		56610
179734		57774
179735	17393	56184
179736		58292
179737		58069
179738		56952
179739		56982
179740		57023
179741		57804
179742		56656
179743		58093
179744		56983
179745		57785
179746		58128
179748	7636	27377
179749	3579	23003
179750	7359	57166
179751	13600	24669
179752	8912	23537
179757	15087	53910
179759	11937	35047
179760		55846
179774	5791	23607
179776	8459	23609
179777		39013
179778		44048
179779		58070
179780		57830
179781		57215
179782		57214
179783		57178
179784		58010
179785		58290
179786		57157
179787		57028
179788		56546
179789		57203
179790		56951
179791		57029
179792		57839
179793		58127
179794		57853
179795		57815
179796		56649
179797		57009
179798		56618
179799		58231
179800		57805
179801		57852
179802		57814
179803		56813
179804	7044	
179805	6953	
179806		22239
179807	18604	58711
179813	18772	59393
179824		54456
179825		43329
179826	6839	24881
179828	18773	59402
179838	18776	59406
179839	18807	59391
179840		59394
179841		59375
179842		59370
179843		59355
179844	18778	59398
179845	18810	59385
179852		59408
179860		59308
179867		59305
179868		59315
179869		59324
179870	16946	50799
179871	17701	53514
179873		57883
179874		61202
179875	14634	39109
179876	18777	59415
179878	18780	59419
179879	18781	59421
179880	18787	59428
179885	18782	59424
179908		59215
179909		59210
179910		59206
179911		59166
179912		59187
179913		59194
179915		59201
179916	18850	59410
179919	18786	59425
179930	18789	59435
179950	18791	59443
179953		59455
179954	18817	59148
179955	18793	59452
179965	18794	59457
179966	18795	59459
179979	18798	59466
179981	18799	59467
179991	18796	59465
179992	18803	59484
179998	19471	59489
179999		59490
180000		59093
180052	18809	59514
180064		61215
180082	18811	59517
180124	19048	61198
180136	18854	59741
180157		59456
180228	18815	59551
180292	18818	59561
180332		59612
180336		59564
180367	18816	59597
180425	18824	59619
180436	18823	59623
180460	18827	59632
180516	18829	59636
180520	20132	56677
180523	18831	59644
180585		59668
180599	18837	59666
180675	18838	59675
180677		61247
180731		59687
180744	18160	
180745	18844	59708
180746	18845	59711
180770		51617
180794	18839	59689
180796		59500
180797		59518
180798		64619
180801		57733
180802		57193
180803		57242
180804	18848	59709
180806	18849	59710
180810		59746
180812	18852	59730
180814		59748
180817		59750
180821	3356	34490
180822	7213	33123
180823	10076	30409
180824	9027	29611
180825	18855	59744
180829	18856	59745
180847		59754
180848	13379	36118
180849	4664	27393
180850	16413	49354
180851	12727	34755
180864	8562	24269
180865	2105	34831
180866	7165	27915
180867	8103	27837
180868	7514	21101
180870		59785
180875		59624
180882	14123	37906
180894	18858	59787
180923	18857	59505
180929	18859	59791
180936		59789
180947		59807
180966		62361
181078	18862	59819
181178		51901
181179	20138	59874
181181	19386	61784
181182	18864	59828
181244	18865	59833
181277		59834
181284	19675	59835
181440		59843
181443	18869	59853
181444	18867	59845
181447	18868	59846
181449	18866	59848
181460	7772	23861
181468		50845
181469		59405
181470		56667
181471		57036
181472		56240
181473		56158
181474		56581
181641	18872	59873
181642	11145	30232
181776	18913	59892
181816	13921	37493
181817	13920	37494
181820	7351	39343
181821	7352	
181824	10170	25609
181825	10171	25611
181826	10172	25615
181828	8619	27561
181830	9530	55285
181831		52463
181832	7390	42366
181833		59098
181834	18952	59156
181835	18822	59485
181836	18790	59178
181837	18808	59181
181839	18873	59897
181841	18874	59898
181863		54933
181864	9161	23593
181865	2965	30138
181867	19439	59865
181868		48904
181869	13202	37878
181870	5092	21539
181886	18875	59914
181951	18876	59928
181970	18187	56609
182060	18879	59935
182140	6264	53155
182141		53154
182142	15545	27651
182143	4961	33300
182144	6694	23613
182145	3693	21485
182147		42240
182148		59495
182149		57202
182150		57354
182151		56722
182152		59545
182153		59501
182155	12529	24981
182157	18882	60052
182158	18881	59957
182159	20133	59894
182205	18884	59970
182206	18885	59971
182255	18886	59978
182300	18889	59983
182301		59881
182309	18892	59986
182317	18890	59985
182333	18883	59980
182364		59996
182386		59944
182417		60012
182419	18894	60009
182434		60029
182445	18904	59150
182466		60021
182469		60022
182483	18898	60028
182544	18899	60046
182545		52900
182546		30449
182547		36261
182548	5978	35538
182549	6750	55949
182550	7339	27965
182551		32716
182554		64065
182555		59353
182556	18691	61730
182557		43491
182561		60048
182563	18871	58797
182578	18900	60055
182587	18901	60058
182615	18902	
182616	18903	60059
182734		60042
182771	18914	60071
182772	18912	59732
182814	18917	60083
182877	19179	60094
182896	18921	60098
182920	19050	54144
183066		60125
183127	18929	60131
183128	18930	60130
183133	18931	60140
183158	18947	59765
183159		40090
183160		56290
183161	18935	60146
183162		60127
183201		60174
183231	18936	60153
183270	18938	60151
183272	18937	60152
183274	18939	60154
183275	18940	60157
183291	18941	60162
183383		60062
183384		60159
183385	18942	60168
183386		60175
183387		60087
183390		60148
183391		60167
183393		60139
183394		60180
183412		56335
183414	19113	60773
183418		59878
183420	13358	36073
183423		60108
183471	18965	60185
183472		56623
183473		60080
183474		55564
183475		56622
183478		59825
183486		59890
183520		60192
183537		62075
183651		60478
183660	18956	60223
183661	19507	60226
183692	18958	60230
183744	19311	59868
183795		58758
183799		56801
183800		56195
183820		59040
183821		56533
183822		56551
183823		55565
183824		58857
183825		53584
183826		52096
183828		54583
183885		58628
183960	18970	60253
183965	18971	60254
183984	18967	60255
184034	18973	60260
184072	18974	60267
184099		60263
184141	18979	60275
184142		41033
184182	18981	60280
184237	18984	60285
184279	18985	60293
184280	18986	60294
184288		60295
184289	19270	60070
184291		56643
184292		55721
184293		55723
184294		55724
184295		55726
184296		54746
184321	18988	60301
184322	18989	60303
184326		59974
184334		50255
184351	20244	62497
184356	19838	63316
184369	18584	57441
184370	7832	22617
184371	13866	35033
184372	18851	59593
184373	18513	58321
184374		55534
184376	18991	
184399		58640
184400		50217
184470	19205	61092
184492	18995	60310
184560	18805	59497
184574	18990	60315
184575	18996	60316
184576		60324
184591	19001	60326
184624		58689
184639	19002	60334
184640		60337
184641		60338
184642	19005	60336
184651		60317
184694		59841
184718	19004	60347
184748		58930
184750		59077
184751		58062
184756		61120
184757	17892	55299
184758	17893	55300
184760		59513
184762		60302
184812	18743	59011
184814		55988
184816		60356
184872	20011	61557
184896		60368
184951	19010	60371
184982	6883	23633
184983	6882	23635
184989	19011	60377
184997	19013	60378
184998		60357
185039	19015	60395
185070	19018	60401
185073	19019	60407
185084	19020	60408
185088	19086	60410
185090		59097
185116	19022	60427
185117	19136	59237
185118	18759	59180
185119	6974	22997
185121	19372	60279
185200		60360
185211	19024	60444
185212	19025	60445
185213	19027	60449
185259	19273	60446
185260		60411
185261	19090	60662
185262	19029	60460
185371		60482
185407	19038	60489
185462	19119	60425
185463		57229
185481		59657
185505	19042	60505
185514	19046	60509
185515	19047	60510
185519	19045	60508
185528		58065
185529		59335
185537	19256	60862
185538		61326
185539		61016
185541	18964	59499
185542	19053	60522
185543	19052	60525
185544	19054	60523
185575	19056	60531
185576		59702
185583		51915
185584	19268	60535
185586		60461
185612		60045
185642		56105
185643	19059	60613
185644		58630
185645		58631
185646	19058	60534
185647		35093
185648		60537
185657	19061	60548
185659		34673
185660	19060	60543
185663		51646
185668	8100	28021
185669		59649
185670	3206	29613
185671		60575
185682		60550
185692	19063	60552
185694	19065	60551
185697	19064	60549
185699	19066	60555
185714		60666
185715	19274	60612
185716		60595
185717		60441
185718	19288	60596
185719	19030	60420
185720	19034	60418
185721	18949	59953
185722	18997	60297
185723	19009	59969
185724	19039	59939
185725	18897	59967
185726	19122	60513
185727	18933	59938
185728	18948	60137
185731	19067	60564
185736	19069	60593
185745		54101
185746		55348
185747		56380
185748	19126	60541
185749	18998	59557
185750	18895	59951
185753	19071	60602
185755	19072	60603
185756	19070	60601
185773	19073	60610
185777	12108	35032
185778	19401	60200
185780		60611
185793		60623
185794	18945	59915
185796	19297	60066
185797		60626
185801	19075	60619
185804		34717
185818		59298
185819		59510
185820		59520
185821		59555
185822		59574
185823		59641
185824		59650
185825		59525
185826		59537
185827		59544
185828	19100	60561
185829		51921
185830	18982	60248
185831	18953	60143
185832	19109	60529
185833		37687
185834	19068	60562
185840		59293
185846		59304
185847		59511
185848		59494
185849		59460
185850		59651
185851		59314
185852		59548
185853		59538
185854		59338
185855		60433
185856		59431
185857	19691	60560
185858	19689	60583
185860	19033	60436
185861	19121	60557
185862		59526
185863		59530
185864		59603
185865		59547
185866		60264
185867		34718
185870	19869	60191
185871		59925
185874	19079	60636
185875	19080	60637
185879	3689	25627
185880	18735	59226
185887		25749
185888	18512	58320
185889	18510	58318
185890	18511	58319
185898	19168	61038
185900	19169	61039
185901	19170	61040
185903	19171	61041
185939	19083	60658
185940		60660
185965	19084	60665
185967		31211
185968		60419
185970		60674
185992		61271
185993	19087	60692
185995	19088	60684
186003	19077	60697
186007	19093	60714
186043	19095	60726
186052	19097	60732
186057	19099	60739
186083		60462
186084		60617
186148		60749
186150	19945	55219
186151	19301	60651
186161	19107	60765
186169	19111	60774
186181	19110	60778
186190	19116	60781
186198	17875	59784
186199		60128
186200		60998
186202		60979
186203		53139
186204		60921
186205	7330	23863
186206	19132	60690
186207		60782
186300		60480
186313	19197	60947
186329		60897
186333	19131	60810
186336		60829
186337		60298
186347		60830
186496		60865
186497	19139	60852
186522	19049	60506
186524	19141	60933
186541	19142	60948
186542	19257	60962
186559	19182	60946
186561	19143	60951
186586		52948
186603		60160
186618		60698
186621	19145	60969
186631	13041	35284
186712	19157	61006
186714	19607	59817
186715		55883
186716		57093
186736	19476	60983
186741	19160	61015
186742	19159	61014
186743	19161	61012
186744	19158	61013
186745	13863	35700
186750	7417	50972
186751		63500
186752		60677
186753		44814
186754		44815
186755	14895	44179
186757	19150	60565
186758	19041	60233
186759		43493
186761		43366
186762		43509
186763		43795
186764		59224
186790		62501
186794	19162	61026
186822	19167	61035
186832		59631
186833	20024	60571
186834	19781	62911
186835	19363	53205
186836	19128	60766
186837		60988
186855		23641
186856	5291	61103
186857		61111
186858		59273
186859		61122
186860		28023
186861	19537	60544
186863	19172	61048
186914	19177	61067
186920	19176	61072
186928	19178	61073
186935	20185	61077
187051	17987	54989
187052	13423	36265
187053	14451	38560
187054	15112	40455
187055	17020	52968
187060	14863	43808
187061		44176
187062	19181	61084
187084		61087
187087		59761
187121		59901
187166	19356	61107
187214	7925	24803
187215	11652	31699
187216		30961
187217	19792	61115
187218		30646
187219	17243	52023
187236		60987
187260	19189	61126
187261		61125
187264	19190	61128
187265		61130
187267	19449	61114
187303	19192	61135
187305	19076	60273
187316	19194	61140
187317	19195	61139
187331	19196	61142
187361	18626	58849
187362	19279	61146
187375	20008	61156
187380		60790
187383		61179
187387	19200	61150
187402	19201	61153
187429	19017	61074
187464	19202	61159
187477		38717
187507	18797	59458
187508	19884	61119
187509	19106	60246
187510		44019
187514		61151
187517	17537	52815
187538	19203	61169
187583	7791	22605
187584	7793	22615
187585	7796	22643
187586	7798	22645
187587	7797	22647
187588	7801	22637
187589	7800	22619
187590	7792	22613
187591		62303
187593	13395	36167
187594	20260	62723
187596		63858
187626		61248
187663	19204	61174
187676		60624
187833	19599	60442
187860	19207	61184
187869	19206	61186
187892	19208	61192
187901	19209	61196
187918	19211	61199
187921	19212	61200
187924	19213	61203
187940	19218	61209
187941	19217	61207
187942	19210	61211
187989	19219	61217
187990	19951	63818
187998	19282	61206
188034	19220	61227
188035	19221	61230
188036	20037	61214
188037		36969
188038	13560	35447
188039	19677	60689
188040	18978	35121
188041	4586	24683
188050		47373
188051		54055
188052		54058
188053		54059
188054		54060
188055	13094	38071
188056	13095	38072
188057	13093	38073
188058	13096	38074
188059		38631
188060		40495
188061		40030
188062		51752
188063		58569
188064		53373
188065		53993
188066		38075
188067		51754
188068		51755
188076		51753
188077		51756
188078		32585
188122		61259
188131		61238
188138	19227	61239
188139	19226	61240
188239	19767	61258
188248	19269	61212
188388	19230	61269
188394	19304	61272
188453		60247
188487	19231	61276
188522	19639	61278
188525	19232	61280
188529	19588	61254
188546	19949	61282
188548		61260
188619		48953
188653	19361	61290
188661	19460	61279
188665	19236	61292
188668	19265	61293
188687		61294
188753	19870	61297
188804		56575
188805		59883
188808	14525	38611
188809	14942	38612
188810		38614
188811		38613
188813		35799
188814		57118
188815		57121
188816		57123
188817		57119
188819		57120
188820		57124
188821		46846
188822		57125
188823		57126
188824		57127
188825		57128
188826		57129
188827		57130
188828		57131
188830		60913
188884	19305	61300
188889	19237	61301
188892	19238	61304
188941	1513	39360
188943		55270
188973		61387
189046	19242	61316
189068	19434	57925
189069	19435	61274
189085		58311
189115	19973	61332
189117	19248	61322
189121	19918	61324
189123	19249	61323
189137	19250	61325
189160		61334
189258	19258	61333
189275	19260	61335
189304		61330
189323	19263	61338
189326	19262	61339
189383		61431
189425		61388
189509		58347
189565	19266	61359
189576	19271	61364
189581	19272	61361
189602		61363
189708		58354
189716		61379
189717		51211
189721	13215	36549
189722	13216	36551
189723	13422	36486
189724	13909	37472
189725		36804
189726		36550
189733	19678	61197
189736	19461	61310
189796	19275	61398
189832		61410
189834		60163
189891		61411
189892		61331
189893		60984
189956	19276	61418
189987	19277	61425
190054	19280	61440
190143	19283	61443
190244	19284	63934
190325		60078
190327	19287	61469
190569	19290	61483
190574	19292	61495
190619		59988
190668	19291	61492
190704	19293	61501
190840	19295	61517
191013	19300	61535
191025		55143
191059		61671
191205	19298	61549
191308		61550
191361		60479
191370	19800	56640
191374		61485
191403	19306	61558
191405		61555
191471		61437
191656	19308	61578
191689	19320	61579
191718	19310	61587
191734		61601
191788	19318	61603
191832	19882	61607
191884	19338	61616
191967	19321	61608
191974	19323	60572
191975	19147	60797
191976	19482	61561
191978	19340	60589
191979		61658
191981	17894	55301
191994	19352	54145
192002	19337	61595
192261	19324	61637
192298		61677
192383		62297
192474	19389	61672
192507	19325	61663
192609		62299
192634		61097
192650		61160
192800	19327	61686
192808	19328	61687
192809	18835	59654
192928	19253	61327
192976		61727
192977		58428
192981		62300
193238		61731
193240	19342	61704
193242		61491
193294	19344	61736
193295		61261
193296	19286	61461
193372		61737
193374		61769
193413	19331	61273
193414		56903
193467		57117
193468		58933
193469	19138	59998
193470		44020
193471		44021
193472		46156
193613		62108
193615	8641	24923
193617	6821	59930
193623	19447	61367
193676	19359	61754
193699	19360	61758
193705		61745
193730		61768
193831		60328
193883	19427	61765
193923	19368	61770
193968	19369	61773
194028	19373	61782
194029		61783
194030	19358	61756
194033		61778
194088	19426	61793
194116		64019
194167	19376	61806
194207	19789	62039
194213	19377	61813
194218		60995
194219	19378	61814
194229		60320
194317	19381	61831
194318	19380	61830
194389	19637	62005
194390		61841
194393	19382	61839
194403		60645
194447	19385	61851
194453	19384	
194706		61865
194724	19397	61872
194742	19398	61884
194829	19400	61897
194835		61891
194872		61834
194879	19183	61108
194884	19402	61903
194889		62873
194945		63521
195153	19415	61917
195173		61922
195187		62301
195200		62546
195209	19442	59961
195210	19417	61925
195230	19596	61926
195240	19419	61930
195268	19420	61931
195322	19423	61942
195333	19744	61943
195350	19425	61944
195383	19405	61924
195384	19429	61964
195436	20104	61966
195448	19436	61968
195456		61043
195486	19438	62194
195494	19441	61984
195496	19437	61973
195515	19440	61983
195516	19444	61987
195517	19443	61997
195518	19512	62000
195539	19445	61990
195571	19448	61999
195600	19451	62001
195604	19433	61967
195703	19452	62002
195734	19455	62018
195787	19457	62024
195833	19462	62031
195845		62033
195877	19761	62703
195878	19294	61420
195879	19319	61508
195880	19303	61496
195883	19388	61564
195885	19375	61753
195886	19500	61950
195887		61948
195890		60691
195891	19430	61929
195916	19478	62026
195934	17187	50993
195965		60890
195966		60891
196012	19469	62048
196017	19473	62051
196029	19472	62050
196061		54105
196062	3163	28089
196063		62035
196064		62037
196115	19475	
196144	19477	62068
196187	19479	62076
196193		60447
196218	19484	62078
196219	19485	62080
196222	19487	62081
196223	19486	62079
196224		62063
196227		62083
196229		62046
196230	19466	62066
196238		26089
196239		26087
196240		25059
196241		60363
196244		60707
196245		60708
196246		60709
196247		60710
196248		60711
196249		60712
196250		61954
196279		60490
196283		62041
196325		49450
196333	19491	62100
196356	19492	62102
196482		62120
196553	19501	62126
196568		62304
196694		62136
196840	19508	62155
196893	19511	62206
196935	19513	62164
196974	19516	62171
197022	19519	62187
197094	19851	62149
197095	19521	62188
197097	19522	62193
197178	19524	62233
197474	19528	62277
197529	14684	39272
197543	19829	62270
197619	19531	62311
197620	19532	62312
197715	19534	62322
197731	19399	61886
197754	19538	62331
197824	19506	62146
197868	19541	62342
197976	9795	
198033		62385
198113	19546	62391
198117	19548	62378
198154		62404
198188	19557	62405
198312	19619	62428
198368	19711	62508
198369	19551	62387
198373	19567	62421
198374	19564	62432
198376	19566	62430
198377		62401
198379		62417
198380		62341
198408	19568	62268
198409	19569	62435
198411		62495
198412		27849
198413	19855	62231
198560	19526	62238
198561	19633	62144
198654	20218	63903
198663	19582	62507
198690	19112	60805
198692	19572	62469
198694	19366	61592
198695	19820	60586
198696		60563
198697	19446	61621
198698	19481	61748
198699	19191	61090
198701	19523	61921
198702	18706	59225
198703	19536	62262
198704	19545	62279
198705	20078	62244
198706	19893	61556
198709	19573	62476
198720		64378
198727	20240	62484
198728	19574	62483
198730		62486
198745	19465	61846
198748	19593	62445
198749	19808	62246
198768	4742	29235
198769	9025	29233
198921	19590	62504
198926	19665	62522
198939	19580	62512
198946	19581	62513
198966	19584	62516
199005	19565	62521
199006	19579	62503
199007	19586	62524
199008	19875	62523
199009	19518	62496
199029	19587	62485
199066	19594	62535
199068		62534
199088		63989
199111	19600	62542
199112	19601	62543
199150	19604	62549
199185	19609	62564
199217	19613	62567
199221	19614	62568
199337	19616	62580
199340	19617	62582
199342	19618	62584
199353		60597
199354		62260
199356		61617
199357		62744
199358	19915	62444
199359		62722
199360		43244
199366	19804	60569
199368	19652	62544
199369		60546
199372	19498	60877
199373		61667
199404	19620	62589
199405	19655	62480
199406	19592	62472
199408	19530	62289
199409	20207	62248
199410	19868	61562
199411	19914	60587
199412		60234
199413		61650
199414	19739	60580
199415		45181
199416		44760
199417	19623	62659
199418	20101	61642
199419	19589	62165
199426	19621	62590
199430	19692	60582
199431		60578
199432	19753	61565
199433	19082	57801
199434		61612
199436	19841	60574
199437		61568
199439	19708	60579
199446	19809	61969
199448		62276
199449		60566
199478		57882
199479		60632
199485	13858	33398
199486		61914
199488		59640
199495	14715	39436
199547	19625	62601
199588	19628	62604
199590	19627	62605
199592	19629	62606
199593		62610
199594	19632	62615
199597	19631	62613
199603	20137	62654
199635		62676
199636		62630
199748	19635	62617
199793	19640	62650
199794	19666	62643
199795		57950
199797		62236
199798		62647
199799		62607
199800		62608
199801		37196
199812		62682
199931		62662
200046		62677
200230	19646	62683
200294	19649	62696
200372	17233	62038
200373		62023
200374		62674
200375		62658
200376		29733
200377	11132	62207
200379	13678	34194
200446		62072
200455	19650	62753
200556	19657	62804
200560		62810
200578	19661	62808
200637	19663	62811
200640		62817
200641		55622
200642		62579
200643		57857
200644		62479
200645		35176
200646		30942
200647		56518
200648		31672
200649		61494
200769	19667	62825
200927	19671	62841
200929	19670	62844
201090	19674	62852
201140	19679	62857
201151	19694	
201262		62863
201272	7838	29271
201388	19688	62865
201514	19690	62876
201667	19698	62883
201808		62892
201817	19699	62893
201903	19701	62896
201961	19562	62419
202079	19705	62907
202102	19713	62913
202250	19714	62922
202251	19717	62924
202252	19719	62932
202253	19718	62931
202269	19720	62936
202281		62965
202282	19215	60348
202381	19722	62964
202385	19723	62967
202386	19930	62933
202387	12124	33199
202390		39168
202418		62830
202419	19821	62864
202420	15564	48305
202421		56452
202422		62820
202423		56430
202424	10865	27943
202425		51254
202426		51255
202428		54405
202429	19724	62973
202503	19726	62978
202508	19728	62981
202523	19730	62983
202564	19731	62989
202660	19729	62249
202717	20111	63011
202846		62958
202851	20098	63240
202906	19741	63016
202955	19743	63019
202957	19742	63042
202985	19736	63014
203006		43358
203021		49735
203022		44475
203024		44350
203043		60018
203100	19749	63033
203116	19747	63038
203127		63504
203129		63021
203141	19748	63035
203146		63013
203148	19725	63106
203250		63555
203275	19751	63045
203296	19780	62649
203472		63200
203473	19754	63053
203490	19755	63061
203651	19757	63066
203710	19715	60591
203855	19763	63078
203880	19764	63082
203939	19825	63087
204011	19765	63098
204060	19768	63100
204066	19819	62392
204221		35593
204269		63125
204270	19910	63392
204286	19770	63121
204293	19771	63120
204348	19772	63128
204356	20039	63130
204357	19773	63135
204361	19774	63134
204362	19776	63136
204363	19775	63139
204373	15208	
204375		61106
204381		60735
204389	19777	63140
204392		55851
204393	19626	62587
204394	19897	62955
204396	19750	63006
204399		44246
204403		60725
204407		63670
204409		63553
204412		56089
204429	19778	63143
204431		63138
204432	19813	
204436	19779	63147
204466	19782	63150
204469		60771
204470		60867
204471		45571
204472		53754
204473		59875
204474		61112
204484	11229	30034
204491	13049	34243
204505		60019
204530		44708
204537		64759
204539		63692
204540		60133
204541		52190
204542		51577
204544		57185
204545		57186
204547		57436
204551		61575
204561	19786	63167
204579	19791	63174
204584		57094
204585		57095
204604	19793	63177
204615	12936	35025
204616	17298	62556
204617	17299	62557
204618		62558
204619		62559
204620		62560
204621		62561
204622		51655
204623		51656
204624		62055
204625		62058
204626		63142
204627		52545
204628		62548
204629		63092
204632		35041
204633		35042
204650	19795	63181
204654		63101
204656	19783	63151
204696	19787	
204698	19788	63216
204732		62663
204738	19798	63188
204741		61512
204742		63183
204747	19799	63193
204762	18605	58780
204949	19807	62518
205054	19996	63266
205068		63225
205081	19801	
205116		63219
205130	19802	63215
205154		63222
205278		64178
205280		58740
205284		57205
205287		60816
205289		63221
205290	19794	62728
205307		63245
205372		62685
205374		62702
205375		63235
205430	19810	63256
205432	19811	63254
205444	19812	63253
205536		61666
205601		61162
205608	10799	32136
205619	19815	63268
205676		63275
205747	19347	30984
205752		55954
205772	20012	63276
205794		63548
205842		64110
205858		63547
205861		63545
205896	19822	63292
205905	19835	62340
205906		62278
205907		59637
205909	19823	63293
205941		61840
205966	19828	63325
206032		63542
206048	6362	28115
206054		60068
206056		61080
206059		61877
206066		61751
206071		61183
206074		45121
206142		62730
206143		62747
206145	20038	60588
206146		57440
206151	18946	60289
206154	19653	62526
206158	19576	56674
206159	19615	57960
206160	20107	63148
206163	19834	63323
206166	19879	63310
206181	14838	43613
206189	20282	62990
206192		62338
206193		62786
206194	20124	62234
206195		62714
206201	18999	59927
206212		62946
206215		62717
206223		57418
206249	19837	63324
206250		63319
206256	19525	62167
206266		43303
206270	19946	62651
206272		61563
206273	20230	62789
206274		62794
206275		62953
206276		62790
206277		63020
206279	12248	43458
206280		43241
206281		43533
206282	20217	62954
206283	19264	62945
206284	19517	62166
206287		62704
206289	19148	59634
206292		60794
206298	19843	63326
206352		57886
206353		58308
206354	19920	62719
206356	20044	62718
206358	19923	62280
206362		63693
206401	19847	63337
206500		62157
206517	14333	51621
206519		41139
206521	19849	63347
206523	19850	63352
206595		61873
206596		62706
206599		62721
206682	20110	63356
206724		59987
206726	5810	25329
206727		63179
206729		51200
206733		54281
206774	19858	63381
206798	19839	63350
206812	19856	63368
206814		63367
206819	19857	63366
206841		55787
206842		55788
206843		17295
206844		61462
206845	16529	55618
206846		37144
206847		55188
206848		55193
206849	12492	30743
206850		54426
206851		54415
206852		54416
206853		55047
206854		57006
206855		48271
206856		63317
206857		62690
206860		51256
206861		54424
206862		54411
206863		54418
206864		54427
206865		54419
206866		54420
206867		54421
206874		63632
206875		62286
206877		60024
206886	14403	29493
206888		62320
206889	20177	63411
206895	19863	63360
206914	19861	63375
206919		63696
206949	19865	63382
206950		63383
206951	19862	63376
207031		63694
207033	10238	
207037		63413
207081		63088
207082		63336
207083	19872	63398
207084	19871	63396
207141	19873	63403
207191	19876	63409
207211		56140
207213		54534
207215		51230
207221		35036
207251	19878	63419
207254	19877	63418
207324		63349
207327	19890	63423
207328	19880	63424
207329	19881	63431
207351		33599
207363		63428
207385	19883	63442
207415		63404
207474		63300
207486		63999
207534	19921	63439
207594		61511
207637		62635
207654		59802
207674	19889	63468
207675	20000	63469
207692	19891	63472
207782	19981	63476
207805	19488	62681
207809	19894	63489
207848		62807
207853		63493
207855		62539
207886	19672	62843
208025	19908	63509
208044	19896	63508
208049		62976
208054		58181
208055		62942
208064		63427
208065	20031	63415
208066		54636
208067		61572
208068		63527
208105		64008
208204	19907	63536
208209		55667
208213		32897
208225	19909	63537
208352	19912	63572
208367	19913	64848
208369		63573
208370		63577
208398		62209
208551		63628
208609	19925	63601
208610	19924	63600
208665		63599
208668		63629
208754	20025	63736
208766	19928	63640
208824	20191	63641
208825		63209
208826		63208
208827		63207
208828		63206
208829	19766	63512
208831		60756
208834		55529
208835		63488
208836	7662	27379
209018	10458	22839
209032	20120	63667
209116	19933	63697
209132	19944	63713
209218		63559
209219	19942	63712
209221	19948	63730
209224	19943	63706
209247	19950	63735
209312		63742
209463	19953	63753
209474		44535
209499	19952	63751
209502	19955	63754
209504	19954	63752
209541		63773
209562	19957	63764
209642		63772
209661	19958	63763
209662		63781
209669	19961	63780
209670	19960	63778
209709		63901
209762	19967	63789
209800	19816	63047
209827	19969	63794
209872	19972	63801
209876	19974	63807
209895	19975	63824
209939	19977	63816
209940	19932	63709
209961	19993	63819
209962		63859
209963	19979	63820
209980	19980	63822
209983	19978	63817
209984		64847
210031	19983	63832
210032		63833
210068		62317
210071		62941
210072		63826
210073	19986	63850
210115		63854
210157	19989	63851
210199	19990	63885
210234	19831	63304
210309	16279	48832
210347		63758
210375	19994	63433
210376		63533
210465		62715
210482		64547
210483	19999	63912
210687		63830
210823		63946
210918		63956
210932	20273	63957
210945	20010	63958
211070	20018	63970
211189		64677
211217		63985
211219		63984
211220	20232	63987
211232	20019	64431
211258	20020	63998
211270	20055	63788
211271		62831
211301		64018
211304	20022	64006
211308	20023	64012
211328	19577	59231
211331		64102
211473		57319
211479		64047
211495	20026	64059
211496	20027	64058
211538	20029	64064
211709		64104
211710		64105
211711	20241	64107
211778	20035	64084
211877	20040	64131
212105	20046	64154
212144		64180
212280		64218
212308	20054	64210
212309		64181
212319	20066	64217
212323	20056	64205
212391		64213
212435		62425
212456	20060	64235
212503	20065	64254
212507	20063	64253
212517		62885
212518		62947
212539		64266
212555		63813
212557		64079
212563		63503
212566	10094	23727
212568		63829
212618	20072	64290
212667		64298
212799	20074	64326
212812		64317
212876	20079	64341
212888	20077	64340
212944	20082	64348
212955	20083	64350
212969	20197	62707
212992		64361
212994		64359
213020	20084	64354
213052	20086	64374
213068	20081	64344
213094		62540
213095		63511
213096	9443	33085
213097		64357
213098	2080	34826
213099		39154
213100		39153
213101	14070	37827
213102		61994
213103		55759
213104		55758
213105		61978
213106	20089	64379
213131	20091	64380
213164		52032
213188	20212	64388
213297	20106	63149
213298		64430
213316		64419
213317		64469
213338	20114	64428
213343		64429
213353	19703	62634
213356	20115	64398
213359	20192	64435
213360	20117	64439
213362		62727
213363	20118	64441
213364		55561
213367		62777
213369	15058	35497
213370	3509	22999
213372	7345	21551
213373		28019
213379		56345
213396	20119	64449
213422		64452
213424		23733
213425		33854
213426	20148	64578
213427		64325
213428		64433
213429		64422
213430		63638
213431		63633
213432		63634
213433		63635
213434		63636
213435		63637
213436		64336
213437		64331
213438	7646	22219
213439		64319
213457	20121	64459
213458		61289
213459		61792
213460		62915
213461		61167
213462		48790
213463		50052
213464	9731	31898
213465	19760	63081
213469	20122	64462
213477	20123	64463
213484	20151	62957
213486	20248	64461
213497	20126	64467
213498	20127	64466
213507	20128	64468
213508		64470
213510	12717	33077
213511		48909
213512		61537
213514		49700
213515	10532	34258
213516	20042	62726
213518		62729
213544		63643
213579	20131	64482
213581	20136	64484
213627	20134	64487
213628	20139	64495
213630		25613
213631		25617
213632		25619
213633		37255
213634		58814
213635		63981
213636		42208
213640		61949
213641		64249
213642		63684
213648		61972
213655	20140	64501
213656	20141	64500
213657	20142	64503
213658	20143	64505
213663	19947	63595
213664	20005	63606
213665	20180	63878
213666	20187	63514
213667		63414
213668		58205
213696	19114	60902
213697	19654	63173
213699		56576
213702		64516
213703	20199	62948
213704		62739
213708	6950	
213710		64140
213712	6928	21761
213740	20147	64520
213750	20189	64519
213752	20150	64524
213782	20152	64527
213796	20154	64528
213805	20168	64534
213814		64541
213815	20159	64540
213831		64543
213845	20163	64544
213846	20162	64548
213847	20156	61546
213860	20167	64553
213861		64537
213867		64554
213872	20166	64551
213873	20165	64552
213874		64444
213877	20170	64555
213879	20171	64556
213891		64562
213908		64580
213928		64598
213929	20179	64569
213952	20186	64573
213958	20265	64682
213961		64577
213987		64584
214031		64597
214044	20194	64599
214049	20193	64600
214055	20196	64608
214067		64902
214068		63739
214070		64904
214071		64901
214072		64591
214074		63284
214075		63298
214077		53675
214129		64624
214215	20202	64640
214246	20203	64643
214259	20200	64455
214260	20198	61619
214263		57751
214332	20206	64658
214368	20208	64664
214380	20210	64667
214426		64672
214451	20215	64685
214461	20209	64665
214483	20228	64695
214484		64694
214509		60916
214511	12792	35642
214513		43305
214536		63938
214537	20003	
214559		64711
214582	20234	64712
214593		64717
214650	20238	64726
214703		64718
214725		64731
214749	20246	64737
214770		61796
214829	20257	64754
214834		63342
214854	20254	64751
214855	20278	64725
214863	20259	64768
214865		64522
214866		64558
214869	19316	60855
214872		62949
214873		63299
214874	20036	64091
214888	19668	60997
214889	19669	63459
214890		62801
214891		64446
214892		64766
214893		64786
214894		64769
214896		56293
214947		56291
214948		56296
214949		48270
214968		64789
214969	20263	64782
214973		64785
214974		62218
214976		61615
214977		61613
214978		63995
215106		64403
215520		43342
215521	20080	64384
215522	20271	61649
215523		64460
215526	20233	64710
215582		64802
215639		64382
215693		64535
215695		64746
215789		44303
215790		44302
215791	20284	64844
215835		64867
215855	20290	64858
215856	20291	64859
215878		64840
215891		63591
216117	20331	64893
216167	20329	64895
216170	20330	64892
216176	20204	64451
216272	20334	
216312	20322	64877
216346		64905
